year,growth_pct,index_2010_100,type,note
2010,6.2,100.0,observed,taxa da media anual do indice encadeado (SIDRA 1620) = 6.23%
2011,4.8,104.82,observed,taxa da media anual do indice encadeado (SIDRA 1620) = 4.82%
2012,3.5,108.49,observed,taxa da media anual do indice encadeado (SIDRA 1620) = 3.50%
2013,3.5,112.25,observed,taxa da media anual do indice encadeado (SIDRA 1620) = 3.47%
2014,2.3,114.78,observed,taxa da media anual do indice encadeado (SIDRA 1620) = 2.25%
2015,-3.2,111.09,observed,taxa da media anual do indice encadeado (SIDRA 1620) = -3.22%
2016,-3.8,106.82,observed,taxa da media anual do indice encadeado (SIDRA 1620) = -3.84%
2017,2.0,108.94,observed,taxa da media anual do indice encadeado (SIDRA 1620) = 1.98%
2018,2.4,111.51,observed,taxa da media anual do indice encadeado (SIDRA 1620) = 2.37%
2019,2.6,114.41,observed,taxa da media anual do indice encadeado (SIDRA 1620) = 2.60%
2020,-4.6,109.19,observed,taxa da media anual do indice encadeado (SIDRA 1620) = -4.56%
2021,3.0,112.41,observed,taxa da media anual do indice encadeado (SIDRA 1620) = 2.95%
2022,4.1,117.07,observed,taxa da media anual do indice encadeado (SIDRA 1620) = 4.15%
2023,3.2,120.87,observed,taxa da media anual do indice encadeado (SIDRA 1620) = 3.24%
2024,5.1,127.03,observed,taxa da media anual do indice encadeado (SIDRA 1620) = 5.10%
2025,1.3,128.7,observed,taxa da media anual do indice encadeado (SIDRA 1620) = 1.31%
2026,1.1,,partial,"1o semestre 2026 vs 1o sem. 2025 (IBGE, 01/09/2026). 2o tri 2026 vs 2o tri 2025 = 0.5%; 1o tri 2026 vs 1o tri 2025 = 1.7%; acumulado 4 trimestres = 0.9%; 2o tri vs 1o tri (dessaz.) = -0.4%. Indice nao calculado (ano incompleto)"
2026,1.2,130.25,projection,"Projecao BCB, Relatorio de Politica Monetaria set/2026 (Tabela 1). Indice = 2025 x 1,012 (ilustrativo). O Focus nao pesquisa consumo das familias"
