year,sector_code,sector_label_pt,sector_label_en,thousands,share_pct,period_label,type,thousands_qavg,thousands_same_period_prev_year,source
2012,47946,Total,Total employed,89261,100.0,2012 (annual),observed,89300.0,,"IBGE SIDRA t4362 v4090 c888 (PNADC anual); thousands_qavg = mean of 4 quarters, t5434"
2012,47947,"Agricultura, pecuária, produção florestal, pesca e aquicultura","Agriculture, livestock, forestry, fishing",10131,11.35,2012 (annual),observed,10150.0,,"IBGE SIDRA t4362 v4090 c888 (PNADC anual); thousands_qavg = mean of 4 quarters, t5434"
2012,47948,Indústria geral,"Industry (general, incl. manufacturing, mining, utilities)",12973,14.53,2012 (annual),observed,13220.0,,"IBGE SIDRA t4362 v4090 c888 (PNADC anual); thousands_qavg = mean of 4 quarters, t5434"
2012,47949,Construção,Construction,7602,8.52,2012 (annual),observed,7584.0,,"IBGE SIDRA t4362 v4090 c888 (PNADC anual); thousands_qavg = mean of 4 quarters, t5434"
2012,47950,"Comércio, reparação de veículos automotores e motocicletas",Commerce & vehicle repair,17008,19.05,2012 (annual),observed,16729.0,,"IBGE SIDRA t4362 v4090 c888 (PNADC anual); thousands_qavg = mean of 4 quarters, t5434"
2012,56622,"Transporte, armazenagem e correio","Transport, storage & mail",4238,4.75,2012 (annual),observed,4157.0,,"IBGE SIDRA t4362 v4090 c888 (PNADC anual); thousands_qavg = mean of 4 quarters, t5434"
2012,56623,Alojamento e alimentação,Accommodation & food,3728,4.18,2012 (annual),observed,3827.0,,"IBGE SIDRA t4362 v4090 c888 (PNADC anual); thousands_qavg = mean of 4 quarters, t5434"
2012,56624,"Informação, comunicação e atividades financeiras, imobiliárias, profissionais e administrativas","Information, communication, finance, real estate, professional & admin services",9566,10.72,2012 (annual),observed,9558.0,,"IBGE SIDRA t4362 v4090 c888 (PNADC anual); thousands_qavg = mean of 4 quarters, t5434"
2012,60032,"Administração pública, defesa, seguridade social, educação, saúde humana e serviços sociais","Public administration, defence, social security, education, health & social services",14057,15.75,2012 (annual),observed,14237.0,,"IBGE SIDRA t4362 v4090 c888 (PNADC anual); thousands_qavg = mean of 4 quarters, t5434"
2012,56627,Outros serviços,Other services,3829,4.29,2012 (annual),observed,3828.0,,"IBGE SIDRA t4362 v4090 c888 (PNADC anual); thousands_qavg = mean of 4 quarters, t5434"
2012,56628,Serviços domésticos,Domestic services,6078,6.81,2012 (annual),observed,5978.0,,"IBGE SIDRA t4362 v4090 c888 (PNADC anual); thousands_qavg = mean of 4 quarters, t5434"
2013,47946,Total,Total employed,90814,100.0,2013 (annual),observed,90596.0,,"IBGE SIDRA t4362 v4090 c888 (PNADC anual); thousands_qavg = mean of 4 quarters, t5434"
2013,47947,"Agricultura, pecuária, produção florestal, pesca e aquicultura","Agriculture, livestock, forestry, fishing",10011,11.02,2013 (annual),observed,10003.0,,"IBGE SIDRA t4362 v4090 c888 (PNADC anual); thousands_qavg = mean of 4 quarters, t5434"
2013,47948,Indústria geral,"Industry (general, incl. manufacturing, mining, utilities)",12825,14.12,2013 (annual),observed,13090.0,,"IBGE SIDRA t4362 v4090 c888 (PNADC anual); thousands_qavg = mean of 4 quarters, t5434"
2013,47949,Construção,Construction,8084,8.9,2013 (annual),observed,8010.0,,"IBGE SIDRA t4362 v4090 c888 (PNADC anual); thousands_qavg = mean of 4 quarters, t5434"
2013,47950,"Comércio, reparação de veículos automotores e motocicletas",Commerce & vehicle repair,17350,19.1,2013 (annual),observed,17270.0,,"IBGE SIDRA t4362 v4090 c888 (PNADC anual); thousands_qavg = mean of 4 quarters, t5434"
2013,56622,"Transporte, armazenagem e correio","Transport, storage & mail",4197,4.62,2013 (annual),observed,4269.0,,"IBGE SIDRA t4362 v4090 c888 (PNADC anual); thousands_qavg = mean of 4 quarters, t5434"
2013,56623,Alojamento e alimentação,Accommodation & food,4158,4.58,2013 (annual),observed,4003.0,,"IBGE SIDRA t4362 v4090 c888 (PNADC anual); thousands_qavg = mean of 4 quarters, t5434"
2013,56624,"Informação, comunicação e atividades financeiras, imobiliárias, profissionais e administrativas","Information, communication, finance, real estate, professional & admin services",9813,10.81,2013 (annual),observed,9787.0,,"IBGE SIDRA t4362 v4090 c888 (PNADC anual); thousands_qavg = mean of 4 quarters, t5434"
2013,60032,"Administração pública, defesa, seguridade social, educação, saúde humana e serviços sociais","Public administration, defence, social security, education, health & social services",14255,15.7,2013 (annual),observed,14294.0,,"IBGE SIDRA t4362 v4090 c888 (PNADC anual); thousands_qavg = mean of 4 quarters, t5434"
2013,56627,Outros serviços,Other services,4141,4.56,2013 (annual),observed,4019.0,,"IBGE SIDRA t4362 v4090 c888 (PNADC anual); thousands_qavg = mean of 4 quarters, t5434"
2013,56628,Serviços domésticos,Domestic services,5967,6.57,2013 (annual),observed,5838.0,,"IBGE SIDRA t4362 v4090 c888 (PNADC anual); thousands_qavg = mean of 4 quarters, t5434"
2014,47946,Total,Total employed,91619,100.0,2014 (annual),observed,91672.0,,"IBGE SIDRA t4362 v4090 c888 (PNADC anual); thousands_qavg = mean of 4 quarters, t5434"
2014,47947,"Agricultura, pecuária, produção florestal, pesca e aquicultura","Agriculture, livestock, forestry, fishing",9443,10.31,2014 (annual),observed,9388.0,,"IBGE SIDRA t4362 v4090 c888 (PNADC anual); thousands_qavg = mean of 4 quarters, t5434"
2014,47948,Indústria geral,"Industry (general, incl. manufacturing, mining, utilities)",13394,14.62,2014 (annual),observed,13392.0,,"IBGE SIDRA t4362 v4090 c888 (PNADC anual); thousands_qavg = mean of 4 quarters, t5434"
2014,47949,Construção,Construction,7848,8.57,2014 (annual),observed,7918.0,,"IBGE SIDRA t4362 v4090 c888 (PNADC anual); thousands_qavg = mean of 4 quarters, t5434"
2014,47950,"Comércio, reparação de veículos automotores e motocicletas",Commerce & vehicle repair,17397,18.99,2014 (annual),observed,17497.0,,"IBGE SIDRA t4362 v4090 c888 (PNADC anual); thousands_qavg = mean of 4 quarters, t5434"
2014,56622,"Transporte, armazenagem e correio","Transport, storage & mail",4352,4.75,2014 (annual),observed,4216.0,,"IBGE SIDRA t4362 v4090 c888 (PNADC anual); thousands_qavg = mean of 4 quarters, t5434"
2014,56623,Alojamento e alimentação,Accommodation & food,4227,4.61,2014 (annual),observed,4220.0,,"IBGE SIDRA t4362 v4090 c888 (PNADC anual); thousands_qavg = mean of 4 quarters, t5434"
2014,56624,"Informação, comunicação e atividades financeiras, imobiliárias, profissionais e administrativas","Information, communication, finance, real estate, professional & admin services",10277,11.22,2014 (annual),observed,10318.0,,"IBGE SIDRA t4362 v4090 c888 (PNADC anual); thousands_qavg = mean of 4 quarters, t5434"
2014,60032,"Administração pública, defesa, seguridade social, educação, saúde humana e serviços sociais","Public administration, defence, social security, education, health & social services",14749,16.1,2014 (annual),observed,14735.0,,"IBGE SIDRA t4362 v4090 c888 (PNADC anual); thousands_qavg = mean of 4 quarters, t5434"
2014,56627,Outros serviços,Other services,4053,4.42,2014 (annual),observed,4169.0,,"IBGE SIDRA t4362 v4090 c888 (PNADC anual); thousands_qavg = mean of 4 quarters, t5434"
2014,56628,Serviços domésticos,Domestic services,5856,6.39,2014 (annual),observed,5801.0,,"IBGE SIDRA t4362 v4090 c888 (PNADC anual); thousands_qavg = mean of 4 quarters, t5434"
2015,47946,Total,Total employed,91649,100.0,2015 (annual),observed,91479.0,,"IBGE SIDRA t4362 v4090 c888 (PNADC anual); thousands_qavg = mean of 4 quarters, t5434"
2015,47947,"Agricultura, pecuária, produção florestal, pesca e aquicultura","Agriculture, livestock, forestry, fishing",9220,10.06,2015 (annual),observed,9238.0,,"IBGE SIDRA t4362 v4090 c888 (PNADC anual); thousands_qavg = mean of 4 quarters, t5434"
2015,47948,Indústria geral,"Industry (general, incl. manufacturing, mining, utilities)",12882,14.06,2015 (annual),observed,13034.0,,"IBGE SIDRA t4362 v4090 c888 (PNADC anual); thousands_qavg = mean of 4 quarters, t5434"
2015,47949,Construção,Construction,7696,8.4,2015 (annual),observed,7605.0,,"IBGE SIDRA t4362 v4090 c888 (PNADC anual); thousands_qavg = mean of 4 quarters, t5434"
2015,47950,"Comércio, reparação de veículos automotores e motocicletas",Commerce & vehicle repair,17617,19.22,2015 (annual),observed,17617.0,,"IBGE SIDRA t4362 v4090 c888 (PNADC anual); thousands_qavg = mean of 4 quarters, t5434"
2015,56622,"Transporte, armazenagem e correio","Transport, storage & mail",4318,4.71,2015 (annual),observed,4338.0,,"IBGE SIDRA t4362 v4090 c888 (PNADC anual); thousands_qavg = mean of 4 quarters, t5434"
2015,56623,Alojamento e alimentação,Accommodation & food,4444,4.85,2015 (annual),observed,4373.0,,"IBGE SIDRA t4362 v4090 c888 (PNADC anual); thousands_qavg = mean of 4 quarters, t5434"
2015,56624,"Informação, comunicação e atividades financeiras, imobiliárias, profissionais e administrativas","Information, communication, finance, real estate, professional & admin services",10228,11.16,2015 (annual),observed,10280.0,,"IBGE SIDRA t4362 v4090 c888 (PNADC anual); thousands_qavg = mean of 4 quarters, t5434"
2015,60032,"Administração pública, defesa, seguridade social, educação, saúde humana e serviços sociais","Public administration, defence, social security, education, health & social services",14981,16.35,2015 (annual),observed,14925.0,,"IBGE SIDRA t4362 v4090 c888 (PNADC anual); thousands_qavg = mean of 4 quarters, t5434"
2015,56627,Outros serviços,Other services,4249,4.64,2015 (annual),observed,4146.0,,"IBGE SIDRA t4362 v4090 c888 (PNADC anual); thousands_qavg = mean of 4 quarters, t5434"
2015,56628,Serviços domésticos,Domestic services,6001,6.55,2015 (annual),observed,5912.0,,"IBGE SIDRA t4362 v4090 c888 (PNADC anual); thousands_qavg = mean of 4 quarters, t5434"
2016,47946,Total,Total employed,89894,100.0,2016 (annual),observed,89478.0,,"IBGE SIDRA t4362 v4090 c888 (PNADC anual); thousands_qavg = mean of 4 quarters, t5434"
2016,47947,"Agricultura, pecuária, produção florestal, pesca e aquicultura","Agriculture, livestock, forestry, fishing",8892,9.89,2016 (annual),observed,8984.0,,"IBGE SIDRA t4362 v4090 c888 (PNADC anual); thousands_qavg = mean of 4 quarters, t5434"
2016,47948,Indústria geral,"Industry (general, incl. manufacturing, mining, utilities)",11517,12.81,2016 (annual),observed,11665.0,,"IBGE SIDRA t4362 v4090 c888 (PNADC anual); thousands_qavg = mean of 4 quarters, t5434"
2016,47949,Construção,Construction,7456,8.29,2016 (annual),observed,7356.0,,"IBGE SIDRA t4362 v4090 c888 (PNADC anual); thousands_qavg = mean of 4 quarters, t5434"
2016,47950,"Comércio, reparação de veículos automotores e motocicletas",Commerce & vehicle repair,17411,19.37,2016 (annual),observed,17378.0,,"IBGE SIDRA t4362 v4090 c888 (PNADC anual); thousands_qavg = mean of 4 quarters, t5434"
2016,56622,"Transporte, armazenagem e correio","Transport, storage & mail",4604,5.12,2016 (annual),observed,4501.0,,"IBGE SIDRA t4362 v4090 c888 (PNADC anual); thousands_qavg = mean of 4 quarters, t5434"
2016,56623,Alojamento e alimentação,Accommodation & food,4698,5.23,2016 (annual),observed,4608.0,,"IBGE SIDRA t4362 v4090 c888 (PNADC anual); thousands_qavg = mean of 4 quarters, t5434"
2016,56624,"Informação, comunicação e atividades financeiras, imobiliárias, profissionais e administrativas","Information, communication, finance, real estate, professional & admin services",9751,10.85,2016 (annual),observed,9592.0,,"IBGE SIDRA t4362 v4090 c888 (PNADC anual); thousands_qavg = mean of 4 quarters, t5434"
2016,60032,"Administração pública, defesa, seguridade social, educação, saúde humana e serviços sociais","Public administration, defence, social security, education, health & social services",15117,16.82,2016 (annual),observed,15142.0,,"IBGE SIDRA t4362 v4090 c888 (PNADC anual); thousands_qavg = mean of 4 quarters, t5434"
2016,56627,Outros serviços,Other services,4369,4.86,2016 (annual),observed,4202.0,,"IBGE SIDRA t4362 v4090 c888 (PNADC anual); thousands_qavg = mean of 4 quarters, t5434"
2016,56628,Serviços domésticos,Domestic services,6072,6.75,2016 (annual),observed,6044.0,,"IBGE SIDRA t4362 v4090 c888 (PNADC anual); thousands_qavg = mean of 4 quarters, t5434"
2017,47946,Total,Total employed,90172,100.0,2017 (annual),observed,89571.0,,"IBGE SIDRA t4362 v4090 c888 (PNADC anual); thousands_qavg = mean of 4 quarters, t5434"
2017,47947,"Agricultura, pecuária, produção florestal, pesca e aquicultura","Agriculture, livestock, forestry, fishing",8517,9.45,2017 (annual),observed,8408.0,,"IBGE SIDRA t4362 v4090 c888 (PNADC anual); thousands_qavg = mean of 4 quarters, t5434"
2017,47948,Indústria geral,"Industry (general, incl. manufacturing, mining, utilities)",11851,13.14,2017 (annual),observed,11778.0,,"IBGE SIDRA t4362 v4090 c888 (PNADC anual); thousands_qavg = mean of 4 quarters, t5434"
2017,47949,Construção,Construction,7087,7.86,2017 (annual),observed,6905.0,,"IBGE SIDRA t4362 v4090 c888 (PNADC anual); thousands_qavg = mean of 4 quarters, t5434"
2017,47950,"Comércio, reparação de veículos automotores e motocicletas",Commerce & vehicle repair,17471,19.38,2017 (annual),observed,17432.0,,"IBGE SIDRA t4362 v4090 c888 (PNADC anual); thousands_qavg = mean of 4 quarters, t5434"
2017,56622,"Transporte, armazenagem e correio","Transport, storage & mail",4528,5.02,2017 (annual),observed,4546.0,,"IBGE SIDRA t4362 v4090 c888 (PNADC anual); thousands_qavg = mean of 4 quarters, t5434"
2017,56623,Alojamento e alimentação,Accommodation & food,5162,5.72,2017 (annual),observed,5090.0,,"IBGE SIDRA t4362 v4090 c888 (PNADC anual); thousands_qavg = mean of 4 quarters, t5434"
2017,56624,"Informação, comunicação e atividades financeiras, imobiliárias, profissionais e administrativas","Information, communication, finance, real estate, professional & admin services",9865,10.94,2017 (annual),observed,9890.0,,"IBGE SIDRA t4362 v4090 c888 (PNADC anual); thousands_qavg = mean of 4 quarters, t5434"
2017,60032,"Administração pública, defesa, seguridade social, educação, saúde humana e serviços sociais","Public administration, defence, social security, education, health & social services",15111,16.76,2017 (annual),observed,15062.0,,"IBGE SIDRA t4362 v4090 c888 (PNADC anual); thousands_qavg = mean of 4 quarters, t5434"
2017,56627,Outros serviços,Other services,4488,4.98,2017 (annual),observed,4447.0,,"IBGE SIDRA t4362 v4090 c888 (PNADC anual); thousands_qavg = mean of 4 quarters, t5434"
2017,56628,Serviços domésticos,Domestic services,6046,6.7,2017 (annual),observed,5993.0,,"IBGE SIDRA t4362 v4090 c888 (PNADC anual); thousands_qavg = mean of 4 quarters, t5434"
2018,47946,Total,Total employed,91519,100.0,2018 (annual),observed,90916.0,,"IBGE SIDRA t4362 v4090 c888 (PNADC anual); thousands_qavg = mean of 4 quarters, t5434"
2018,47947,"Agricultura, pecuária, produção florestal, pesca e aquicultura","Agriculture, livestock, forestry, fishing",8458,9.24,2018 (annual),observed,8385.0,,"IBGE SIDRA t4362 v4090 c888 (PNADC anual); thousands_qavg = mean of 4 quarters, t5434"
2018,47948,Indústria geral,"Industry (general, incl. manufacturing, mining, utilities)",11904,13.01,2018 (annual),observed,11852.0,,"IBGE SIDRA t4362 v4090 c888 (PNADC anual); thousands_qavg = mean of 4 quarters, t5434"
2018,47949,Construção,Construction,6808,7.44,2018 (annual),observed,6752.0,,"IBGE SIDRA t4362 v4090 c888 (PNADC anual); thousands_qavg = mean of 4 quarters, t5434"
2018,47950,"Comércio, reparação de veículos automotores e motocicletas",Commerce & vehicle repair,17647,19.28,2018 (annual),observed,17539.0,,"IBGE SIDRA t4362 v4090 c888 (PNADC anual); thousands_qavg = mean of 4 quarters, t5434"
2018,56622,"Transporte, armazenagem e correio","Transport, storage & mail",4665,5.1,2018 (annual),observed,4640.0,,"IBGE SIDRA t4362 v4090 c888 (PNADC anual); thousands_qavg = mean of 4 quarters, t5434"
2018,56623,Alojamento e alimentação,Accommodation & food,5205,5.69,2018 (annual),observed,5274.0,,"IBGE SIDRA t4362 v4090 c888 (PNADC anual); thousands_qavg = mean of 4 quarters, t5434"
2018,56624,"Informação, comunicação e atividades financeiras, imobiliárias, profissionais e administrativas","Information, communication, finance, real estate, professional & admin services",10177,11.12,2018 (annual),observed,10044.0,,"IBGE SIDRA t4362 v4090 c888 (PNADC anual); thousands_qavg = mean of 4 quarters, t5434"
2018,60032,"Administração pública, defesa, seguridade social, educação, saúde humana e serviços sociais","Public administration, defence, social security, education, health & social services",15731,17.19,2018 (annual),observed,15575.0,,"IBGE SIDRA t4362 v4090 c888 (PNADC anual); thousands_qavg = mean of 4 quarters, t5434"
2018,56627,Outros serviços,Other services,4858,5.31,2018 (annual),observed,4790.0,,"IBGE SIDRA t4362 v4090 c888 (PNADC anual); thousands_qavg = mean of 4 quarters, t5434"
2018,56628,Serviços domésticos,Domestic services,6027,6.59,2018 (annual),observed,6022.0,,"IBGE SIDRA t4362 v4090 c888 (PNADC anual); thousands_qavg = mean of 4 quarters, t5434"
2019,47946,Total,Total employed,93534,100.0,2019 (annual),observed,92744.0,,"IBGE SIDRA t4362 v4090 c888 (PNADC anual); thousands_qavg = mean of 4 quarters, t5434"
2019,47947,"Agricultura, pecuária, produção florestal, pesca e aquicultura","Agriculture, livestock, forestry, fishing",8552,9.14,2019 (annual),observed,8390.0,,"IBGE SIDRA t4362 v4090 c888 (PNADC anual); thousands_qavg = mean of 4 quarters, t5434"
2019,47948,Indústria geral,"Industry (general, incl. manufacturing, mining, utilities)",12256,13.1,2019 (annual),observed,12078.0,,"IBGE SIDRA t4362 v4090 c888 (PNADC anual); thousands_qavg = mean of 4 quarters, t5434"
2019,47949,Construção,Construction,6859,7.33,2019 (annual),observed,6788.0,,"IBGE SIDRA t4362 v4090 c888 (PNADC anual); thousands_qavg = mean of 4 quarters, t5434"
2019,47950,"Comércio, reparação de veículos automotores e motocicletas",Commerce & vehicle repair,17865,19.1,2019 (annual),observed,17746.0,,"IBGE SIDRA t4362 v4090 c888 (PNADC anual); thousands_qavg = mean of 4 quarters, t5434"
2019,56622,"Transporte, armazenagem e correio","Transport, storage & mail",4804,5.14,2019 (annual),observed,4846.0,,"IBGE SIDRA t4362 v4090 c888 (PNADC anual); thousands_qavg = mean of 4 quarters, t5434"
2019,56623,Alojamento e alimentação,Accommodation & food,5614,6.0,2019 (annual),observed,5484.0,,"IBGE SIDRA t4362 v4090 c888 (PNADC anual); thousands_qavg = mean of 4 quarters, t5434"
2019,56624,"Informação, comunicação e atividades financeiras, imobiliárias, profissionais e administrativas","Information, communication, finance, real estate, professional & admin services",10543,11.27,2019 (annual),observed,10457.0,,"IBGE SIDRA t4362 v4090 c888 (PNADC anual); thousands_qavg = mean of 4 quarters, t5434"
2019,60032,"Administração pública, defesa, seguridade social, educação, saúde humana e serviços sociais","Public administration, defence, social security, education, health & social services",15898,17.0,2019 (annual),observed,15875.0,,"IBGE SIDRA t4362 v4090 c888 (PNADC anual); thousands_qavg = mean of 4 quarters, t5434"
2019,56627,Outros serviços,Other services,5029,5.38,2019 (annual),observed,4980.0,,"IBGE SIDRA t4362 v4090 c888 (PNADC anual); thousands_qavg = mean of 4 quarters, t5434"
2019,56628,Serviços domésticos,Domestic services,6079,6.5,2019 (annual),observed,6066.0,,"IBGE SIDRA t4362 v4090 c888 (PNADC anual); thousands_qavg = mean of 4 quarters, t5434"
2020,47946,Total,Total employed,85289,100.0,2020 (annual),observed,85439.0,,"IBGE SIDRA t4362 v4090 c888 (PNADC anual); thousands_qavg = mean of 4 quarters, t5434"
2020,47947,"Agricultura, pecuária, produção florestal, pesca e aquicultura","Agriculture, livestock, forestry, fishing",7955,9.33,2020 (annual),observed,8170.0,,"IBGE SIDRA t4362 v4090 c888 (PNADC anual); thousands_qavg = mean of 4 quarters, t5434"
2020,47948,Indústria geral,"Industry (general, incl. manufacturing, mining, utilities)",11206,13.14,2020 (annual),observed,11243.0,,"IBGE SIDRA t4362 v4090 c888 (PNADC anual); thousands_qavg = mean of 4 quarters, t5434"
2020,47949,Construção,Construction,6151,7.21,2020 (annual),observed,6011.0,,"IBGE SIDRA t4362 v4090 c888 (PNADC anual); thousands_qavg = mean of 4 quarters, t5434"
2020,47950,"Comércio, reparação de veículos automotores e motocicletas",Commerce & vehicle repair,16441,19.28,2020 (annual),observed,16117.0,,"IBGE SIDRA t4362 v4090 c888 (PNADC anual); thousands_qavg = mean of 4 quarters, t5434"
2020,56622,"Transporte, armazenagem e correio","Transport, storage & mail",4560,5.35,2020 (annual),observed,4432.0,,"IBGE SIDRA t4362 v4090 c888 (PNADC anual); thousands_qavg = mean of 4 quarters, t5434"
2020,56623,Alojamento e alimentação,Accommodation & food,4383,5.14,2020 (annual),observed,4304.0,,"IBGE SIDRA t4362 v4090 c888 (PNADC anual); thousands_qavg = mean of 4 quarters, t5434"
2020,56624,"Informação, comunicação e atividades financeiras, imobiliárias, profissionais e administrativas","Information, communication, finance, real estate, professional & admin services",9952,11.67,2020 (annual),observed,10158.0,,"IBGE SIDRA t4362 v4090 c888 (PNADC anual); thousands_qavg = mean of 4 quarters, t5434"
2020,60032,"Administração pública, defesa, seguridade social, educação, saúde humana e serviços sociais","Public administration, defence, social security, education, health & social services",15398,18.05,2020 (annual),observed,15842.0,,"IBGE SIDRA t4362 v4090 c888 (PNADC anual); thousands_qavg = mean of 4 quarters, t5434"
2020,56627,Outros serviços,Other services,4333,5.08,2020 (annual),observed,4291.0,,"IBGE SIDRA t4362 v4090 c888 (PNADC anual); thousands_qavg = mean of 4 quarters, t5434"
2020,56628,Serviços domésticos,Domestic services,4887,5.73,2020 (annual),observed,4851.0,,"IBGE SIDRA t4362 v4090 c888 (PNADC anual); thousands_qavg = mean of 4 quarters, t5434"
2021,47946,Total,Total employed,87929,100.0,2021 (annual),observed,89623.0,,"IBGE SIDRA t4362 v4090 c888 (PNADC anual); thousands_qavg = mean of 4 quarters, t5434"
2021,47947,"Agricultura, pecuária, produção florestal, pesca e aquicultura","Agriculture, livestock, forestry, fishing",8718,9.91,2021 (annual),observed,8754.0,,"IBGE SIDRA t4362 v4090 c888 (PNADC anual); thousands_qavg = mean of 4 quarters, t5434"
2021,47948,Indústria geral,"Industry (general, incl. manufacturing, mining, utilities)",11471,13.05,2021 (annual),observed,11686.0,,"IBGE SIDRA t4362 v4090 c888 (PNADC anual); thousands_qavg = mean of 4 quarters, t5434"
2021,47949,Construção,Construction,6740,7.67,2021 (annual),observed,6830.0,,"IBGE SIDRA t4362 v4090 c888 (PNADC anual); thousands_qavg = mean of 4 quarters, t5434"
2021,47950,"Comércio, reparação de veículos automotores e motocicletas",Commerce & vehicle repair,16689,18.98,2021 (annual),observed,16968.0,,"IBGE SIDRA t4362 v4090 c888 (PNADC anual); thousands_qavg = mean of 4 quarters, t5434"
2021,56622,"Transporte, armazenagem e correio","Transport, storage & mail",4486,5.1,2021 (annual),observed,4603.0,,"IBGE SIDRA t4362 v4090 c888 (PNADC anual); thousands_qavg = mean of 4 quarters, t5434"
2021,56623,Alojamento e alimentação,Accommodation & food,4324,4.92,2021 (annual),observed,4532.0,,"IBGE SIDRA t4362 v4090 c888 (PNADC anual); thousands_qavg = mean of 4 quarters, t5434"
2021,56624,"Informação, comunicação e atividades financeiras, imobiliárias, profissionais e administrativas","Information, communication, finance, real estate, professional & admin services",10536,11.98,2021 (annual),observed,10830.0,,"IBGE SIDRA t4362 v4090 c888 (PNADC anual); thousands_qavg = mean of 4 quarters, t5434"
2021,60032,"Administração pública, defesa, seguridade social, educação, saúde humana e serviços sociais","Public administration, defence, social security, education, health & social services",15666,17.82,2021 (annual),observed,15850.0,,"IBGE SIDRA t4362 v4090 c888 (PNADC anual); thousands_qavg = mean of 4 quarters, t5434"
2021,56627,Outros serviços,Other services,4153,4.72,2021 (annual),observed,4346.0,,"IBGE SIDRA t4362 v4090 c888 (PNADC anual); thousands_qavg = mean of 4 quarters, t5434"
2021,56628,Serviços domésticos,Domestic services,5115,5.82,2021 (annual),observed,5176.0,,"IBGE SIDRA t4362 v4090 c888 (PNADC anual); thousands_qavg = mean of 4 quarters, t5434"
2022,47946,Total,Total employed,95158,100.0,2022 (annual),observed,96230.0,,"IBGE SIDRA t4362 v4090 c888 (PNADC anual); thousands_qavg = mean of 4 quarters, t5434"
2022,47947,"Agricultura, pecuária, produção florestal, pesca e aquicultura","Agriculture, livestock, forestry, fishing",8434,8.86,2022 (annual),observed,8606.0,,"IBGE SIDRA t4362 v4090 c888 (PNADC anual); thousands_qavg = mean of 4 quarters, t5434"
2022,47948,Indústria geral,"Industry (general, incl. manufacturing, mining, utilities)",12131,12.75,2022 (annual),observed,12428.0,,"IBGE SIDRA t4362 v4090 c888 (PNADC anual); thousands_qavg = mean of 4 quarters, t5434"
2022,47949,Construção,Construction,7121,7.48,2022 (annual),observed,7237.0,,"IBGE SIDRA t4362 v4090 c888 (PNADC anual); thousands_qavg = mean of 4 quarters, t5434"
2022,47950,"Comércio, reparação de veículos automotores e motocicletas",Commerce & vehicle repair,18287,19.22,2022 (annual),observed,18559.0,,"IBGE SIDRA t4362 v4090 c888 (PNADC anual); thousands_qavg = mean of 4 quarters, t5434"
2022,56622,"Transporte, armazenagem e correio","Transport, storage & mail",5108,5.37,2022 (annual),observed,5054.0,,"IBGE SIDRA t4362 v4090 c888 (PNADC anual); thousands_qavg = mean of 4 quarters, t5434"
2022,56623,Alojamento e alimentação,Accommodation & food,5187,5.45,2022 (annual),observed,5252.0,,"IBGE SIDRA t4362 v4090 c888 (PNADC anual); thousands_qavg = mean of 4 quarters, t5434"
2022,56624,"Informação, comunicação e atividades financeiras, imobiliárias, profissionais e administrativas","Information, communication, finance, real estate, professional & admin services",11172,11.74,2022 (annual),observed,11374.0,,"IBGE SIDRA t4362 v4090 c888 (PNADC anual); thousands_qavg = mean of 4 quarters, t5434"
2022,60032,"Administração pública, defesa, seguridade social, educação, saúde humana e serviços sociais","Public administration, defence, social security, education, health & social services",16816,17.67,2022 (annual),observed,16772.0,,"IBGE SIDRA t4362 v4090 c888 (PNADC anual); thousands_qavg = mean of 4 quarters, t5434"
2022,56627,Outros serviços,Other services,5164,5.43,2022 (annual),observed,5119.0,,"IBGE SIDRA t4362 v4090 c888 (PNADC anual); thousands_qavg = mean of 4 quarters, t5434"
2022,56628,Serviços domésticos,Domestic services,5706,6.0,2022 (annual),observed,5795.0,,"IBGE SIDRA t4362 v4090 c888 (PNADC anual); thousands_qavg = mean of 4 quarters, t5434"
2023,47946,Total,Total employed,98733,100.0,2023 (annual),observed,97504.0,,"IBGE SIDRA t4362 v4090 c888 (PNADC anual); thousands_qavg = mean of 4 quarters, t5434"
2023,47947,"Agricultura, pecuária, produção florestal, pesca e aquicultura","Agriculture, livestock, forestry, fishing",8067,8.17,2023 (annual),observed,8173.0,,"IBGE SIDRA t4362 v4090 c888 (PNADC anual); thousands_qavg = mean of 4 quarters, t5434"
2023,47948,Indústria geral,"Industry (general, incl. manufacturing, mining, utilities)",12700,12.86,2023 (annual),observed,12528.0,,"IBGE SIDRA t4362 v4090 c888 (PNADC anual); thousands_qavg = mean of 4 quarters, t5434"
2023,47949,Construção,Construction,7286,7.38,2023 (annual),observed,7102.0,,"IBGE SIDRA t4362 v4090 c888 (PNADC anual); thousands_qavg = mean of 4 quarters, t5434"
2023,47950,"Comércio, reparação de veículos automotores e motocicletas",Commerce & vehicle repair,18666,18.91,2023 (annual),observed,18579.0,,"IBGE SIDRA t4362 v4090 c888 (PNADC anual); thousands_qavg = mean of 4 quarters, t5434"
2023,56622,"Transporte, armazenagem e correio","Transport, storage & mail",5377,5.45,2023 (annual),observed,5346.0,,"IBGE SIDRA t4362 v4090 c888 (PNADC anual); thousands_qavg = mean of 4 quarters, t5434"
2023,56623,Alojamento e alimentação,Accommodation & food,5458,5.53,2023 (annual),observed,5382.0,,"IBGE SIDRA t4362 v4090 c888 (PNADC anual); thousands_qavg = mean of 4 quarters, t5434"
2023,56624,"Informação, comunicação e atividades financeiras, imobiliárias, profissionais e administrativas","Information, communication, finance, real estate, professional & admin services",12258,12.42,2023 (annual),observed,11920.0,,"IBGE SIDRA t4362 v4090 c888 (PNADC anual); thousands_qavg = mean of 4 quarters, t5434"
2023,60032,"Administração pública, defesa, seguridade social, educação, saúde humana e serviços sociais","Public administration, defence, social security, education, health & social services",17547,17.77,2023 (annual),observed,17432.0,,"IBGE SIDRA t4362 v4090 c888 (PNADC anual); thousands_qavg = mean of 4 quarters, t5434"
2023,56627,Outros serviços,Other services,5292,5.36,2023 (annual),observed,5172.0,,"IBGE SIDRA t4362 v4090 c888 (PNADC anual); thousands_qavg = mean of 4 quarters, t5434"
2023,56628,Serviços domésticos,Domestic services,6042,6.12,2023 (annual),observed,5832.0,,"IBGE SIDRA t4362 v4090 c888 (PNADC anual); thousands_qavg = mean of 4 quarters, t5434"
2024,47946,Total,Total employed,101309,100.0,2024 (annual),observed,100266.0,,"IBGE SIDRA t4362 v4090 c888 (PNADC anual); thousands_qavg = mean of 4 quarters, t5434"
2024,47947,"Agricultura, pecuária, produção florestal, pesca e aquicultura","Agriculture, livestock, forestry, fishing",7790,7.69,2024 (annual),observed,7862.0,,"IBGE SIDRA t4362 v4090 c888 (PNADC anual); thousands_qavg = mean of 4 quarters, t5434"
2024,47948,Indústria geral,"Industry (general, incl. manufacturing, mining, utilities)",13021,12.85,2024 (annual),observed,12902.0,,"IBGE SIDRA t4362 v4090 c888 (PNADC anual); thousands_qavg = mean of 4 quarters, t5434"
2024,47949,Construção,Construction,7675,7.58,2024 (annual),observed,7404.0,,"IBGE SIDRA t4362 v4090 c888 (PNADC anual); thousands_qavg = mean of 4 quarters, t5434"
2024,47950,"Comércio, reparação de veículos automotores e motocicletas",Commerce & vehicle repair,19415,19.16,2024 (annual),observed,19026.0,,"IBGE SIDRA t4362 v4090 c888 (PNADC anual); thousands_qavg = mean of 4 quarters, t5434"
2024,56622,"Transporte, armazenagem e correio","Transport, storage & mail",5792,5.72,2024 (annual),observed,5649.0,,"IBGE SIDRA t4362 v4090 c888 (PNADC anual); thousands_qavg = mean of 4 quarters, t5434"
2024,56623,Alojamento e alimentação,Accommodation & food,5436,5.37,2024 (annual),observed,5467.0,,"IBGE SIDRA t4362 v4090 c888 (PNADC anual); thousands_qavg = mean of 4 quarters, t5434"
2024,56624,"Informação, comunicação e atividades financeiras, imobiliárias, profissionais e administrativas","Information, communication, finance, real estate, professional & admin services",12549,12.39,2024 (annual),observed,12568.0,,"IBGE SIDRA t4362 v4090 c888 (PNADC anual); thousands_qavg = mean of 4 quarters, t5434"
2024,60032,"Administração pública, defesa, seguridade social, educação, saúde humana e serviços sociais","Public administration, defence, social security, education, health & social services",18069,17.84,2024 (annual),observed,18064.0,,"IBGE SIDRA t4362 v4090 c888 (PNADC anual); thousands_qavg = mean of 4 quarters, t5434"
2024,56627,Outros serviços,Other services,5586,5.51,2024 (annual),observed,5428.0,,"IBGE SIDRA t4362 v4090 c888 (PNADC anual); thousands_qavg = mean of 4 quarters, t5434"
2024,56628,Serviços domésticos,Domestic services,5957,5.88,2024 (annual),observed,5876.0,,"IBGE SIDRA t4362 v4090 c888 (PNADC anual); thousands_qavg = mean of 4 quarters, t5434"
2025,47946,Total,Total employed,102983,100.0,2025 (annual),observed,102064.0,,"IBGE SIDRA t4362 v4090 c888 (PNADC anual); thousands_qavg = mean of 4 quarters, t5434"
2025,47947,"Agricultura, pecuária, produção florestal, pesca e aquicultura","Agriculture, livestock, forestry, fishing",7876,7.65,2025 (annual),observed,7774.0,,"IBGE SIDRA t4362 v4090 c888 (PNADC anual); thousands_qavg = mean of 4 quarters, t5434"
2025,47948,Indústria geral,"Industry (general, incl. manufacturing, mining, utilities)",13321,12.94,2025 (annual),observed,13194.0,,"IBGE SIDRA t4362 v4090 c888 (PNADC anual); thousands_qavg = mean of 4 quarters, t5434"
2025,47949,Construção,Construction,7373,7.16,2025 (annual),observed,7402.0,,"IBGE SIDRA t4362 v4090 c888 (PNADC anual); thousands_qavg = mean of 4 quarters, t5434"
2025,47950,"Comércio, reparação de veículos automotores e motocicletas",Commerce & vehicle repair,19477,18.91,2025 (annual),observed,19353.0,,"IBGE SIDRA t4362 v4090 c888 (PNADC anual); thousands_qavg = mean of 4 quarters, t5434"
2025,56622,"Transporte, armazenagem e correio","Transport, storage & mail",5851,5.68,2025 (annual),observed,5915.0,,"IBGE SIDRA t4362 v4090 c888 (PNADC anual); thousands_qavg = mean of 4 quarters, t5434"
2025,56623,Alojamento e alimentação,Accommodation & food,5410,5.25,2025 (annual),observed,5427.0,,"IBGE SIDRA t4362 v4090 c888 (PNADC anual); thousands_qavg = mean of 4 quarters, t5434"
2025,56624,"Informação, comunicação e atividades financeiras, imobiliárias, profissionais e administrativas","Information, communication, finance, real estate, professional & admin services",13400,13.01,2025 (annual),observed,12997.0,,"IBGE SIDRA t4362 v4090 c888 (PNADC anual); thousands_qavg = mean of 4 quarters, t5434"
2025,60032,"Administração pública, defesa, seguridade social, educação, saúde humana e serviços sociais","Public administration, defence, social security, education, health & social services",18967,18.42,2025 (annual),observed,18844.0,,"IBGE SIDRA t4362 v4090 c888 (PNADC anual); thousands_qavg = mean of 4 quarters, t5434"
2025,56627,Outros serviços,Other services,5550,5.39,2025 (annual),observed,5472.0,,"IBGE SIDRA t4362 v4090 c888 (PNADC anual); thousands_qavg = mean of 4 quarters, t5434"
2025,56628,Serviços domésticos,Domestic services,5714,5.55,2025 (annual),observed,5654.0,,"IBGE SIDRA t4362 v4090 c888 (PNADC anual); thousands_qavg = mean of 4 quarters, t5434"
2026,47946,Total,Total employed,103477,100.0,jun-jul-ago 2026,partial,,102418.0,"IBGE SIDRA t6323 v4090 c888 (PNADC mensal, trimestre movel; released 2026-09-29)"
2026,47947,"Agricultura, pecuária, produção florestal, pesca e aquicultura","Agriculture, livestock, forestry, fishing",8022,7.75,jun-jul-ago 2026,partial,,7915.0,"IBGE SIDRA t6323 v4090 c888 (PNADC mensal, trimestre movel; released 2026-09-29)"
2026,47948,Indústria geral,"Industry (general, incl. manufacturing, mining, utilities)",13256,12.81,jun-jul-ago 2026,partial,,13220.0,"IBGE SIDRA t6323 v4090 c888 (PNADC mensal, trimestre movel; released 2026-09-29)"
2026,47949,Construção,Construction,7690,7.43,jun-jul-ago 2026,partial,,7463.0,"IBGE SIDRA t6323 v4090 c888 (PNADC mensal, trimestre movel; released 2026-09-29)"
2026,47950,"Comércio, reparação de veículos automotores e motocicletas",Commerce & vehicle repair,19245,18.6,jun-jul-ago 2026,partial,,19339.0,"IBGE SIDRA t6323 v4090 c888 (PNADC mensal, trimestre movel; released 2026-09-29)"
2026,56622,"Transporte, armazenagem e correio","Transport, storage & mail",6274,6.06,jun-jul-ago 2026,partial,,5916.0,"IBGE SIDRA t6323 v4090 c888 (PNADC mensal, trimestre movel; released 2026-09-29)"
2026,56623,Alojamento e alimentação,Accommodation & food,5495,5.31,jun-jul-ago 2026,partial,,5453.0,"IBGE SIDRA t6323 v4090 c888 (PNADC mensal, trimestre movel; released 2026-09-29)"
2026,56624,"Informação, comunicação e atividades financeiras, imobiliárias, profissionais e administrativas","Information, communication, finance, real estate, professional & admin services",13148,12.71,jun-jul-ago 2026,partial,,12948.0,"IBGE SIDRA t6323 v4090 c888 (PNADC mensal, trimestre movel; released 2026-09-29)"
2026,60032,"Administração pública, defesa, seguridade social, educação, saúde humana e serviços sociais","Public administration, defence, social security, education, health & social services",19379,18.73,jun-jul-ago 2026,partial,,19013.0,"IBGE SIDRA t6323 v4090 c888 (PNADC mensal, trimestre movel; released 2026-09-29)"
2026,56627,Outros serviços,Other services,5421,5.24,jun-jul-ago 2026,partial,,5517.0,"IBGE SIDRA t6323 v4090 c888 (PNADC mensal, trimestre movel; released 2026-09-29)"
2026,56628,Serviços domésticos,Domestic services,5509,5.32,jun-jul-ago 2026,partial,,5609.0,"IBGE SIDRA t6323 v4090 c888 (PNADC mensal, trimestre movel; released 2026-09-29)"
