year,category_code,category_label_pt,category_label_en,level,in_chart_set,thousands,share_pct,period_label,type,thousands_qavg,thousands_same_period_prev_year,source
2012,96165,Total,Total employed,0,False,89261.0,100.0,2012 (annual),observed,89300.0,,"IBGE SIDRA t4361 v4090 c11913 (PNADC anual); thousands_qavg = mean of 4 quarters, t4097"
2012,96166,Empregado,Employees (all),1,False,63045.0,70.63,2012 (annual),observed,,,"IBGE SIDRA t4361 v4090 c11913 (PNADC anual); thousands_qavg = mean of 4 quarters, t4097"
2012,31721,"Empregado no setor privado, exclusive trabalhador doméstico",Private-sector employees (excl. domestic),2,False,46187.0,51.74,2012 (annual),observed,46202.0,,"IBGE SIDRA t4361 v4090 c11913 (PNADC anual); thousands_qavg = mean of 4 quarters, t4097"
2012,31722,"Empregado no setor privado, exclusive trabalhador doméstico - com carteira de trabalho assinada","Private-sector employee, with signed card (formal)",3,True,34977.0,39.19,2012 (annual),observed,35043.0,,"IBGE SIDRA t4361 v4090 c11913 (PNADC anual); thousands_qavg = mean of 4 quarters, t4097"
2012,31723,"Empregado no setor privado, exclusive trabalhador doméstico - sem carteira de trabalho assinada","Private-sector employee, without signed card (informal)",3,True,11210.0,12.56,2012 (annual),observed,11159.0,,"IBGE SIDRA t4361 v4090 c11913 (PNADC anual); thousands_qavg = mean of 4 quarters, t4097"
2012,31724,Trabalhador doméstico,Domestic workers (all),2,False,6078.0,6.81,2012 (annual),observed,5978.0,,"IBGE SIDRA t4361 v4090 c11913 (PNADC anual); thousands_qavg = mean of 4 quarters, t4097"
2012,31725,Trabalhador doméstico - com carteira de trabalho assinada,"Domestic worker, with signed card",3,True,1851.0,2.07,2012 (annual),observed,1879.0,,"IBGE SIDRA t4361 v4090 c11913 (PNADC anual); thousands_qavg = mean of 4 quarters, t4097"
2012,31726,Trabalhador doméstico - sem carteira de trabalho assinada,"Domestic worker, without signed card",3,True,4227.0,4.74,2012 (annual),observed,4099.0,,"IBGE SIDRA t4361 v4090 c11913 (PNADC anual); thousands_qavg = mean of 4 quarters, t4097"
2012,31727,Empregado no setor público,Public-sector employees (incl. military & statutory),2,True,10779.0,12.08,2012 (annual),observed,10930.0,,"IBGE SIDRA t4361 v4090 c11913 (PNADC anual); thousands_qavg = mean of 4 quarters, t4097"
2012,31728,"Empregado no setor público, exclusive militar e funcionário público estatutário - com carteira de trabalho assinada","Public sector, non-statutory, with signed card",3,False,1436.0,1.61,2012 (annual),observed,1410.0,,"IBGE SIDRA t4361 v4090 c11913 (PNADC anual); thousands_qavg = mean of 4 quarters, t4097"
2012,31729,"Empregado no setor público, exclusive militar e funcionário público estatutário - sem carteira de trabalho assinada","Public sector, non-statutory, without signed card",3,False,2181.0,2.44,2012 (annual),observed,2124.0,,"IBGE SIDRA t4361 v4090 c11913 (PNADC anual); thousands_qavg = mean of 4 quarters, t4097"
2012,31730,Empregado no setor público - militar e funcionário público estatutário,"Public sector, military & statutory civil servants",3,False,7162.0,8.02,2012 (annual),observed,7397.0,,"IBGE SIDRA t4361 v4090 c11913 (PNADC anual); thousands_qavg = mean of 4 quarters, t4097"
2012,96170,Empregador,Employers,1,True,3494.0,3.91,2012 (annual),observed,3508.0,,"IBGE SIDRA t4361 v4090 c11913 (PNADC anual); thousands_qavg = mean of 4 quarters, t4097"
2012,96171,Conta própria,Own-account (self-employed),1,True,20029.0,22.44,2012 (annual),observed,19976.0,,"IBGE SIDRA t4361 v4090 c11913 (PNADC anual); thousands_qavg = mean of 4 quarters, t4097"
2012,31731,Trabalhador familiar auxiliar,Contributing family worker,1,True,2693.0,3.02,2012 (annual),observed,2705.0,,"IBGE SIDRA t4361 v4090 c11913 (PNADC anual); thousands_qavg = mean of 4 quarters, t4097"
2013,96165,Total,Total employed,0,False,90814.0,100.0,2013 (annual),observed,90596.0,,"IBGE SIDRA t4361 v4090 c11913 (PNADC anual); thousands_qavg = mean of 4 quarters, t4097"
2013,96166,Empregado,Employees (all),1,False,64030.0,70.51,2013 (annual),observed,,,"IBGE SIDRA t4361 v4090 c11913 (PNADC anual); thousands_qavg = mean of 4 quarters, t4097"
2013,31721,"Empregado no setor privado, exclusive trabalhador doméstico",Private-sector employees (excl. domestic),2,False,47180.0,51.95,2013 (annual),observed,47090.0,,"IBGE SIDRA t4361 v4090 c11913 (PNADC anual); thousands_qavg = mean of 4 quarters, t4097"
2013,31722,"Empregado no setor privado, exclusive trabalhador doméstico - com carteira de trabalho assinada","Private-sector employee, with signed card (formal)",3,True,36178.0,39.84,2013 (annual),observed,36156.0,,"IBGE SIDRA t4361 v4090 c11913 (PNADC anual); thousands_qavg = mean of 4 quarters, t4097"
2013,31723,"Empregado no setor privado, exclusive trabalhador doméstico - sem carteira de trabalho assinada","Private-sector employee, without signed card (informal)",3,True,11003.0,12.12,2013 (annual),observed,10933.0,,"IBGE SIDRA t4361 v4090 c11913 (PNADC anual); thousands_qavg = mean of 4 quarters, t4097"
2013,31724,Trabalhador doméstico,Domestic workers (all),2,False,5967.0,6.57,2013 (annual),observed,5838.0,,"IBGE SIDRA t4361 v4090 c11913 (PNADC anual); thousands_qavg = mean of 4 quarters, t4097"
2013,31725,Trabalhador doméstico - com carteira de trabalho assinada,"Domestic worker, with signed card",3,True,1789.0,1.97,2013 (annual),observed,1805.0,,"IBGE SIDRA t4361 v4090 c11913 (PNADC anual); thousands_qavg = mean of 4 quarters, t4097"
2013,31726,Trabalhador doméstico - sem carteira de trabalho assinada,"Domestic worker, without signed card",3,True,4178.0,4.6,2013 (annual),observed,4034.0,,"IBGE SIDRA t4361 v4090 c11913 (PNADC anual); thousands_qavg = mean of 4 quarters, t4097"
2013,31727,Empregado no setor público,Public-sector employees (incl. military & statutory),2,True,10883.0,11.98,2013 (annual),observed,10904.0,,"IBGE SIDRA t4361 v4090 c11913 (PNADC anual); thousands_qavg = mean of 4 quarters, t4097"
2013,31728,"Empregado no setor público, exclusive militar e funcionário público estatutário - com carteira de trabalho assinada","Public sector, non-statutory, with signed card",3,False,1356.0,1.49,2013 (annual),observed,1334.0,,"IBGE SIDRA t4361 v4090 c11913 (PNADC anual); thousands_qavg = mean of 4 quarters, t4097"
2013,31729,"Empregado no setor público, exclusive militar e funcionário público estatutário - sem carteira de trabalho assinada","Public sector, non-statutory, without signed card",3,False,2196.0,2.42,2013 (annual),observed,2130.0,,"IBGE SIDRA t4361 v4090 c11913 (PNADC anual); thousands_qavg = mean of 4 quarters, t4097"
2013,31730,Empregado no setor público - militar e funcionário público estatutário,"Public sector, military & statutory civil servants",3,False,7331.0,8.07,2013 (annual),observed,7438.0,,"IBGE SIDRA t4361 v4090 c11913 (PNADC anual); thousands_qavg = mean of 4 quarters, t4097"
2013,96170,Empregador,Employers,1,True,3673.0,4.04,2013 (annual),observed,3658.0,,"IBGE SIDRA t4361 v4090 c11913 (PNADC anual); thousands_qavg = mean of 4 quarters, t4097"
2013,96171,Conta própria,Own-account (self-employed),1,True,20456.0,22.53,2013 (annual),observed,20408.0,,"IBGE SIDRA t4361 v4090 c11913 (PNADC anual); thousands_qavg = mean of 4 quarters, t4097"
2013,31731,Trabalhador familiar auxiliar,Contributing family worker,1,True,2655.0,2.92,2013 (annual),observed,2698.0,,"IBGE SIDRA t4361 v4090 c11913 (PNADC anual); thousands_qavg = mean of 4 quarters, t4097"
2014,96165,Total,Total employed,0,False,91619.0,100.0,2014 (annual),observed,91672.0,,"IBGE SIDRA t4361 v4090 c11913 (PNADC anual); thousands_qavg = mean of 4 quarters, t4097"
2014,96166,Empregado,Employees (all),1,False,64534.0,70.44,2014 (annual),observed,,,"IBGE SIDRA t4361 v4090 c11913 (PNADC anual); thousands_qavg = mean of 4 quarters, t4097"
2014,31721,"Empregado no setor privado, exclusive trabalhador doméstico",Private-sector employees (excl. domestic),2,False,47510.0,51.86,2014 (annual),observed,47749.0,,"IBGE SIDRA t4361 v4090 c11913 (PNADC anual); thousands_qavg = mean of 4 quarters, t4097"
2014,31722,"Empregado no setor privado, exclusive trabalhador doméstico - com carteira de trabalho assinada","Private-sector employee, with signed card (formal)",3,True,36788.0,40.15,2014 (annual),observed,37306.0,,"IBGE SIDRA t4361 v4090 c11913 (PNADC anual); thousands_qavg = mean of 4 quarters, t4097"
2014,31723,"Empregado no setor privado, exclusive trabalhador doméstico - sem carteira de trabalho assinada","Private-sector employee, without signed card (informal)",3,True,10722.0,11.7,2014 (annual),observed,10442.0,,"IBGE SIDRA t4361 v4090 c11913 (PNADC anual); thousands_qavg = mean of 4 quarters, t4097"
2014,31724,Trabalhador doméstico,Domestic workers (all),2,False,5851.0,6.39,2014 (annual),observed,5799.0,,"IBGE SIDRA t4361 v4090 c11913 (PNADC anual); thousands_qavg = mean of 4 quarters, t4097"
2014,31725,Trabalhador doméstico - com carteira de trabalho assinada,"Domestic worker, with signed card",3,True,1860.0,2.03,2014 (annual),observed,1842.0,,"IBGE SIDRA t4361 v4090 c11913 (PNADC anual); thousands_qavg = mean of 4 quarters, t4097"
2014,31726,Trabalhador doméstico - sem carteira de trabalho assinada,"Domestic worker, without signed card",3,True,3991.0,4.36,2014 (annual),observed,3957.0,,"IBGE SIDRA t4361 v4090 c11913 (PNADC anual); thousands_qavg = mean of 4 quarters, t4097"
2014,31727,Empregado no setor público,Public-sector employees (incl. military & statutory),2,True,11173.0,12.2,2014 (annual),observed,11127.0,,"IBGE SIDRA t4361 v4090 c11913 (PNADC anual); thousands_qavg = mean of 4 quarters, t4097"
2014,31728,"Empregado no setor público, exclusive militar e funcionário público estatutário - com carteira de trabalho assinada","Public sector, non-statutory, with signed card",3,False,1330.0,1.45,2014 (annual),observed,1310.0,,"IBGE SIDRA t4361 v4090 c11913 (PNADC anual); thousands_qavg = mean of 4 quarters, t4097"
2014,31729,"Empregado no setor público, exclusive militar e funcionário público estatutário - sem carteira de trabalho assinada","Public sector, non-statutory, without signed card",3,False,2244.0,2.45,2014 (annual),observed,2207.0,,"IBGE SIDRA t4361 v4090 c11913 (PNADC anual); thousands_qavg = mean of 4 quarters, t4097"
2014,31730,Empregado no setor público - militar e funcionário público estatutário,"Public sector, military & statutory civil servants",3,False,7599.0,8.29,2014 (annual),observed,7610.0,,"IBGE SIDRA t4361 v4090 c11913 (PNADC anual); thousands_qavg = mean of 4 quarters, t4097"
2014,96170,Empregador,Employers,1,True,3719.0,4.06,2014 (annual),observed,3693.0,,"IBGE SIDRA t4361 v4090 c11913 (PNADC anual); thousands_qavg = mean of 4 quarters, t4097"
2014,96171,Conta própria,Own-account (self-employed),1,True,20812.0,22.72,2014 (annual),observed,20770.0,,"IBGE SIDRA t4361 v4090 c11913 (PNADC anual); thousands_qavg = mean of 4 quarters, t4097"
2014,31731,Trabalhador familiar auxiliar,Contributing family worker,1,True,2554.0,2.79,2014 (annual),observed,2534.0,,"IBGE SIDRA t4361 v4090 c11913 (PNADC anual); thousands_qavg = mean of 4 quarters, t4097"
2015,96165,Total,Total employed,0,False,91649.0,100.0,2015 (annual),observed,91479.0,,"IBGE SIDRA t4361 v4090 c11913 (PNADC anual); thousands_qavg = mean of 4 quarters, t4097"
2015,96166,Empregado,Employees (all),1,False,63514.0,69.3,2015 (annual),observed,,,"IBGE SIDRA t4361 v4090 c11913 (PNADC anual); thousands_qavg = mean of 4 quarters, t4097"
2015,31721,"Empregado no setor privado, exclusive trabalhador doméstico",Private-sector employees (excl. domestic),2,False,46486.0,50.72,2015 (annual),observed,46530.0,,"IBGE SIDRA t4361 v4090 c11913 (PNADC anual); thousands_qavg = mean of 4 quarters, t4097"
2015,31722,"Empregado no setor privado, exclusive trabalhador doméstico - com carteira de trabalho assinada","Private-sector employee, with signed card (formal)",3,True,36178.0,39.47,2015 (annual),observed,36385.0,,"IBGE SIDRA t4361 v4090 c11913 (PNADC anual); thousands_qavg = mean of 4 quarters, t4097"
2015,31723,"Empregado no setor privado, exclusive trabalhador doméstico - sem carteira de trabalho assinada","Private-sector employee, without signed card (informal)",3,True,10308.0,11.25,2015 (annual),observed,10144.0,,"IBGE SIDRA t4361 v4090 c11913 (PNADC anual); thousands_qavg = mean of 4 quarters, t4097"
2015,31724,Trabalhador doméstico,Domestic workers (all),2,False,5977.0,6.52,2015 (annual),observed,5881.0,,"IBGE SIDRA t4361 v4090 c11913 (PNADC anual); thousands_qavg = mean of 4 quarters, t4097"
2015,31725,Trabalhador doméstico - com carteira de trabalho assinada,"Domestic worker, with signed card",3,True,1938.0,2.11,2015 (annual),observed,1886.0,,"IBGE SIDRA t4361 v4090 c11913 (PNADC anual); thousands_qavg = mean of 4 quarters, t4097"
2015,31726,Trabalhador doméstico - sem carteira de trabalho assinada,"Domestic worker, without signed card",3,True,4039.0,4.41,2015 (annual),observed,3995.0,,"IBGE SIDRA t4361 v4090 c11913 (PNADC anual); thousands_qavg = mean of 4 quarters, t4097"
2015,31727,Empregado no setor público,Public-sector employees (incl. military & statutory),2,True,11052.0,12.06,2015 (annual),observed,11052.0,,"IBGE SIDRA t4361 v4090 c11913 (PNADC anual); thousands_qavg = mean of 4 quarters, t4097"
2015,31728,"Empregado no setor público, exclusive militar e funcionário público estatutário - com carteira de trabalho assinada","Public sector, non-statutory, with signed card",3,False,1259.0,1.37,2015 (annual),observed,1253.0,,"IBGE SIDRA t4361 v4090 c11913 (PNADC anual); thousands_qavg = mean of 4 quarters, t4097"
2015,31729,"Empregado no setor público, exclusive militar e funcionário público estatutário - sem carteira de trabalho assinada","Public sector, non-statutory, without signed card",3,False,2302.0,2.51,2015 (annual),observed,2213.0,,"IBGE SIDRA t4361 v4090 c11913 (PNADC anual); thousands_qavg = mean of 4 quarters, t4097"
2015,31730,Empregado no setor público - militar e funcionário público estatutário,"Public sector, military & statutory civil servants",3,False,7491.0,8.17,2015 (annual),observed,7585.0,,"IBGE SIDRA t4361 v4090 c11913 (PNADC anual); thousands_qavg = mean of 4 quarters, t4097"
2015,96170,Empregador,Employers,1,True,3941.0,4.3,2015 (annual),observed,3909.0,,"IBGE SIDRA t4361 v4090 c11913 (PNADC anual); thousands_qavg = mean of 4 quarters, t4097"
2015,96171,Conta própria,Own-account (self-employed),1,True,21736.0,23.72,2015 (annual),observed,21601.0,,"IBGE SIDRA t4361 v4090 c11913 (PNADC anual); thousands_qavg = mean of 4 quarters, t4097"
2015,31731,Trabalhador familiar auxiliar,Contributing family worker,1,True,2457.0,2.68,2015 (annual),observed,2507.0,,"IBGE SIDRA t4361 v4090 c11913 (PNADC anual); thousands_qavg = mean of 4 quarters, t4097"
2016,96165,Total,Total employed,0,False,89894.0,100.0,2016 (annual),observed,89478.0,,"IBGE SIDRA t4361 v4090 c11913 (PNADC anual); thousands_qavg = mean of 4 quarters, t4097"
2016,96166,Empregado,Employees (all),1,False,61813.0,68.76,2016 (annual),observed,,,"IBGE SIDRA t4361 v4090 c11913 (PNADC anual); thousands_qavg = mean of 4 quarters, t4097"
2016,31721,"Empregado no setor privado, exclusive trabalhador doméstico",Private-sector employees (excl. domestic),2,False,45031.0,50.09,2016 (annual),observed,44924.0,,"IBGE SIDRA t4361 v4090 c11913 (PNADC anual); thousands_qavg = mean of 4 quarters, t4097"
2016,31722,"Empregado no setor privado, exclusive trabalhador doméstico - com carteira de trabalho assinada","Private-sector employee, with signed card (formal)",3,True,34535.0,38.42,2016 (annual),observed,34740.0,,"IBGE SIDRA t4361 v4090 c11913 (PNADC anual); thousands_qavg = mean of 4 quarters, t4097"
2016,31723,"Empregado no setor privado, exclusive trabalhador doméstico - sem carteira de trabalho assinada","Private-sector employee, without signed card (informal)",3,True,10496.0,11.68,2016 (annual),observed,10184.0,,"IBGE SIDRA t4361 v4090 c11913 (PNADC anual); thousands_qavg = mean of 4 quarters, t4097"
2016,31724,Trabalhador doméstico,Domestic workers (all),2,False,5997.0,6.67,2016 (annual),observed,5979.0,,"IBGE SIDRA t4361 v4090 c11913 (PNADC anual); thousands_qavg = mean of 4 quarters, t4097"
2016,31725,Trabalhador doméstico - com carteira de trabalho assinada,"Domestic worker, with signed card",3,True,1917.0,2.13,2016 (annual),observed,1982.0,,"IBGE SIDRA t4361 v4090 c11913 (PNADC anual); thousands_qavg = mean of 4 quarters, t4097"
2016,31726,Trabalhador doméstico - sem carteira de trabalho assinada,"Domestic worker, without signed card",3,True,4080.0,4.54,2016 (annual),observed,3998.0,,"IBGE SIDRA t4361 v4090 c11913 (PNADC anual); thousands_qavg = mean of 4 quarters, t4097"
2016,31727,Empregado no setor público,Public-sector employees (incl. military & statutory),2,True,10784.0,12.0,2016 (annual),observed,10836.0,,"IBGE SIDRA t4361 v4090 c11913 (PNADC anual); thousands_qavg = mean of 4 quarters, t4097"
2016,31728,"Empregado no setor público, exclusive militar e funcionário público estatutário - com carteira de trabalho assinada","Public sector, non-statutory, with signed card",3,False,1165.0,1.3,2016 (annual),observed,1120.0,,"IBGE SIDRA t4361 v4090 c11913 (PNADC anual); thousands_qavg = mean of 4 quarters, t4097"
2016,31729,"Empregado no setor público, exclusive militar e funcionário público estatutário - sem carteira de trabalho assinada","Public sector, non-statutory, without signed card",3,False,2165.0,2.41,2016 (annual),observed,2087.0,,"IBGE SIDRA t4361 v4090 c11913 (PNADC anual); thousands_qavg = mean of 4 quarters, t4097"
2016,31730,Empregado no setor público - militar e funcionário público estatutário,"Public sector, military & statutory civil servants",3,False,7455.0,8.29,2016 (annual),observed,7629.0,,"IBGE SIDRA t4361 v4090 c11913 (PNADC anual); thousands_qavg = mean of 4 quarters, t4097"
2016,96170,Empregador,Employers,1,True,4138.0,4.6,2016 (annual),observed,3807.0,,"IBGE SIDRA t4361 v4090 c11913 (PNADC anual); thousands_qavg = mean of 4 quarters, t4097"
2016,45934,Empregador com CNPJ,Employers with CNPJ,2,False,3397.0,3.78,2016 (annual),observed,,,"IBGE SIDRA t4361 v4090 c11913 (PNADC anual); thousands_qavg = mean of 4 quarters, t4097"
2016,45935,Empregador sem CNPJ,Employers without CNPJ,2,False,740.0,0.82,2016 (annual),observed,,,"IBGE SIDRA t4361 v4090 c11913 (PNADC anual); thousands_qavg = mean of 4 quarters, t4097"
2016,96171,Conta própria,Own-account (self-employed),1,True,21819.0,24.27,2016 (annual),observed,21889.0,,"IBGE SIDRA t4361 v4090 c11913 (PNADC anual); thousands_qavg = mean of 4 quarters, t4097"
2016,45936,Conta própria com CNPJ,Own-account with CNPJ,2,False,4109.0,4.57,2016 (annual),observed,,,"IBGE SIDRA t4361 v4090 c11913 (PNADC anual); thousands_qavg = mean of 4 quarters, t4097"
2016,45937,Conta própria sem CNPJ,Own-account without CNPJ,2,False,17710.0,19.7,2016 (annual),observed,,,"IBGE SIDRA t4361 v4090 c11913 (PNADC anual); thousands_qavg = mean of 4 quarters, t4097"
2016,31731,Trabalhador familiar auxiliar,Contributing family worker,1,True,2124.0,2.36,2016 (annual),observed,2042.0,,"IBGE SIDRA t4361 v4090 c11913 (PNADC anual); thousands_qavg = mean of 4 quarters, t4097"
2017,96165,Total,Total employed,0,False,90172.0,100.0,2017 (annual),observed,89571.0,,"IBGE SIDRA t4361 v4090 c11913 (PNADC anual); thousands_qavg = mean of 4 quarters, t4097"
2017,96166,Empregado,Employees (all),1,False,61366.0,68.05,2017 (annual),observed,,,"IBGE SIDRA t4361 v4090 c11913 (PNADC anual); thousands_qavg = mean of 4 quarters, t4097"
2017,31721,"Empregado no setor privado, exclusive trabalhador doméstico",Private-sector employees (excl. domestic),2,False,44447.0,49.29,2017 (annual),observed,44403.0,,"IBGE SIDRA t4361 v4090 c11913 (PNADC anual); thousands_qavg = mean of 4 quarters, t4097"
2017,31722,"Empregado no setor privado, exclusive trabalhador doméstico - com carteira de trabalho assinada","Private-sector employee, with signed card (formal)",3,True,33348.0,36.98,2017 (annual),observed,33688.0,,"IBGE SIDRA t4361 v4090 c11913 (PNADC anual); thousands_qavg = mean of 4 quarters, t4097"
2017,31723,"Empregado no setor privado, exclusive trabalhador doméstico - sem carteira de trabalho assinada","Private-sector employee, without signed card (informal)",3,True,11099.0,12.31,2017 (annual),observed,10715.0,,"IBGE SIDRA t4361 v4090 c11913 (PNADC anual); thousands_qavg = mean of 4 quarters, t4097"
2017,31724,Trabalhador doméstico,Domestic workers (all),2,False,5998.0,6.65,2017 (annual),observed,5955.0,,"IBGE SIDRA t4361 v4090 c11913 (PNADC anual); thousands_qavg = mean of 4 quarters, t4097"
2017,31725,Trabalhador doméstico - com carteira de trabalho assinada,"Domestic worker, with signed card",3,True,1799.0,2.0,2017 (annual),observed,1799.0,,"IBGE SIDRA t4361 v4090 c11913 (PNADC anual); thousands_qavg = mean of 4 quarters, t4097"
2017,31726,Trabalhador doméstico - sem carteira de trabalho assinada,"Domestic worker, without signed card",3,True,4199.0,4.66,2017 (annual),observed,4156.0,,"IBGE SIDRA t4361 v4090 c11913 (PNADC anual); thousands_qavg = mean of 4 quarters, t4097"
2017,31727,Empregado no setor público,Public-sector employees (incl. military & statutory),2,True,10920.0,12.11,2017 (annual),observed,10886.0,,"IBGE SIDRA t4361 v4090 c11913 (PNADC anual); thousands_qavg = mean of 4 quarters, t4097"
2017,31728,"Empregado no setor público, exclusive militar e funcionário público estatutário - com carteira de trabalho assinada","Public sector, non-statutory, with signed card",3,False,1222.0,1.36,2017 (annual),observed,1154.0,,"IBGE SIDRA t4361 v4090 c11913 (PNADC anual); thousands_qavg = mean of 4 quarters, t4097"
2017,31729,"Empregado no setor público, exclusive militar e funcionário público estatutário - sem carteira de trabalho assinada","Public sector, non-statutory, without signed card",3,False,2284.0,2.53,2017 (annual),observed,2239.0,,"IBGE SIDRA t4361 v4090 c11913 (PNADC anual); thousands_qavg = mean of 4 quarters, t4097"
2017,31730,Empregado no setor público - militar e funcionário público estatutário,"Public sector, military & statutory civil servants",3,False,7415.0,8.22,2017 (annual),observed,7493.0,,"IBGE SIDRA t4361 v4090 c11913 (PNADC anual); thousands_qavg = mean of 4 quarters, t4097"
2017,96170,Empregador,Employers,1,True,4124.0,4.57,2017 (annual),observed,4128.0,,"IBGE SIDRA t4361 v4090 c11913 (PNADC anual); thousands_qavg = mean of 4 quarters, t4097"
2017,45934,Empregador com CNPJ,Employers with CNPJ,2,False,3303.0,3.66,2017 (annual),observed,,,"IBGE SIDRA t4361 v4090 c11913 (PNADC anual); thousands_qavg = mean of 4 quarters, t4097"
2017,45935,Empregador sem CNPJ,Employers without CNPJ,2,False,821.0,0.91,2017 (annual),observed,,,"IBGE SIDRA t4361 v4090 c11913 (PNADC anual); thousands_qavg = mean of 4 quarters, t4097"
2017,96171,Conta própria,Own-account (self-employed),1,True,22514.0,24.97,2017 (annual),observed,22075.0,,"IBGE SIDRA t4361 v4090 c11913 (PNADC anual); thousands_qavg = mean of 4 quarters, t4097"
2017,45936,Conta própria com CNPJ,Own-account with CNPJ,2,False,4177.0,4.63,2017 (annual),observed,,,"IBGE SIDRA t4361 v4090 c11913 (PNADC anual); thousands_qavg = mean of 4 quarters, t4097"
2017,45937,Conta própria sem CNPJ,Own-account without CNPJ,2,False,18336.0,20.33,2017 (annual),observed,,,"IBGE SIDRA t4361 v4090 c11913 (PNADC anual); thousands_qavg = mean of 4 quarters, t4097"
2017,31731,Trabalhador familiar auxiliar,Contributing family worker,1,True,2169.0,2.41,2017 (annual),observed,2126.0,,"IBGE SIDRA t4361 v4090 c11913 (PNADC anual); thousands_qavg = mean of 4 quarters, t4097"
2018,96165,Total,Total employed,0,False,91519.0,100.0,2018 (annual),observed,90916.0,,"IBGE SIDRA t4361 v4090 c11913 (PNADC anual); thousands_qavg = mean of 4 quarters, t4097"
2018,96166,Empregado,Employees (all),1,False,62190.0,67.95,2018 (annual),observed,,,"IBGE SIDRA t4361 v4090 c11913 (PNADC anual); thousands_qavg = mean of 4 quarters, t4097"
2018,31721,"Empregado no setor privado, exclusive trabalhador doméstico",Private-sector employees (excl. domestic),2,False,44901.0,49.06,2018 (annual),observed,44650.0,,"IBGE SIDRA t4361 v4090 c11913 (PNADC anual); thousands_qavg = mean of 4 quarters, t4097"
2018,31722,"Empregado no setor privado, exclusive trabalhador doméstico - com carteira de trabalho assinada","Private-sector employee, with signed card (formal)",3,True,33223.0,36.3,2018 (annual),observed,33392.0,,"IBGE SIDRA t4361 v4090 c11913 (PNADC anual); thousands_qavg = mean of 4 quarters, t4097"
2018,31723,"Empregado no setor privado, exclusive trabalhador doméstico - sem carteira de trabalho assinada","Private-sector employee, without signed card (informal)",3,True,11679.0,12.76,2018 (annual),observed,11258.0,,"IBGE SIDRA t4361 v4090 c11913 (PNADC anual); thousands_qavg = mean of 4 quarters, t4097"
2018,31724,Trabalhador doméstico,Domestic workers (all),2,False,6020.0,6.58,2018 (annual),observed,6006.0,,"IBGE SIDRA t4361 v4090 c11913 (PNADC anual); thousands_qavg = mean of 4 quarters, t4097"
2018,31725,Trabalhador doméstico - com carteira de trabalho assinada,"Domestic worker, with signed card",3,True,1672.0,1.83,2018 (annual),observed,1752.0,,"IBGE SIDRA t4361 v4090 c11913 (PNADC anual); thousands_qavg = mean of 4 quarters, t4097"
2018,31726,Trabalhador doméstico - sem carteira de trabalho assinada,"Domestic worker, without signed card",3,True,4349.0,4.75,2018 (annual),observed,4254.0,,"IBGE SIDRA t4361 v4090 c11913 (PNADC anual); thousands_qavg = mean of 4 quarters, t4097"
2018,31727,Empregado no setor público,Public-sector employees (incl. military & statutory),2,True,11268.0,12.31,2018 (annual),observed,11141.0,,"IBGE SIDRA t4361 v4090 c11913 (PNADC anual); thousands_qavg = mean of 4 quarters, t4097"
2018,31728,"Empregado no setor público, exclusive militar e funcionário público estatutário - com carteira de trabalho assinada","Public sector, non-statutory, with signed card",3,False,1256.0,1.37,2018 (annual),observed,1210.0,,"IBGE SIDRA t4361 v4090 c11913 (PNADC anual); thousands_qavg = mean of 4 quarters, t4097"
2018,31729,"Empregado no setor público, exclusive militar e funcionário público estatutário - sem carteira de trabalho assinada","Public sector, non-statutory, without signed card",3,False,2409.0,2.63,2018 (annual),observed,2372.0,,"IBGE SIDRA t4361 v4090 c11913 (PNADC anual); thousands_qavg = mean of 4 quarters, t4097"
2018,31730,Empregado no setor público - militar e funcionário público estatutário,"Public sector, military & statutory civil servants",3,False,7603.0,8.31,2018 (annual),observed,7557.0,,"IBGE SIDRA t4361 v4090 c11913 (PNADC anual); thousands_qavg = mean of 4 quarters, t4097"
2018,96170,Empregador,Employers,1,True,4372.0,4.78,2018 (annual),observed,4294.0,,"IBGE SIDRA t4361 v4090 c11913 (PNADC anual); thousands_qavg = mean of 4 quarters, t4097"
2018,45934,Empregador com CNPJ,Employers with CNPJ,2,False,3471.0,3.79,2018 (annual),observed,,,"IBGE SIDRA t4361 v4090 c11913 (PNADC anual); thousands_qavg = mean of 4 quarters, t4097"
2018,45935,Empregador sem CNPJ,Employers without CNPJ,2,False,900.0,0.98,2018 (annual),observed,,,"IBGE SIDRA t4361 v4090 c11913 (PNADC anual); thousands_qavg = mean of 4 quarters, t4097"
2018,96171,Conta própria,Own-account (self-employed),1,True,22877.0,25.0,2018 (annual),observed,22709.0,,"IBGE SIDRA t4361 v4090 c11913 (PNADC anual); thousands_qavg = mean of 4 quarters, t4097"
2018,45936,Conta própria com CNPJ,Own-account with CNPJ,2,False,4428.0,4.84,2018 (annual),observed,,,"IBGE SIDRA t4361 v4090 c11913 (PNADC anual); thousands_qavg = mean of 4 quarters, t4097"
2018,45937,Conta própria sem CNPJ,Own-account without CNPJ,2,False,18449.0,20.16,2018 (annual),observed,,,"IBGE SIDRA t4361 v4090 c11913 (PNADC anual); thousands_qavg = mean of 4 quarters, t4097"
2018,31731,Trabalhador familiar auxiliar,Contributing family worker,1,True,2080.0,2.27,2018 (annual),observed,2116.0,,"IBGE SIDRA t4361 v4090 c11913 (PNADC anual); thousands_qavg = mean of 4 quarters, t4097"
2019,96165,Total,Total employed,0,False,93534.0,100.0,2019 (annual),observed,92744.0,,"IBGE SIDRA t4361 v4090 c11913 (PNADC anual); thousands_qavg = mean of 4 quarters, t4097"
2019,96166,Empregado,Employees (all),1,False,63451.0,67.84,2019 (annual),observed,,,"IBGE SIDRA t4361 v4090 c11913 (PNADC anual); thousands_qavg = mean of 4 quarters, t4097"
2019,31721,"Empregado no setor privado, exclusive trabalhador doméstico",Private-sector employees (excl. domestic),2,False,46212.0,49.41,2019 (annual),observed,45520.0,,"IBGE SIDRA t4361 v4090 c11913 (PNADC anual); thousands_qavg = mean of 4 quarters, t4097"
2019,31722,"Empregado no setor privado, exclusive trabalhador doméstico - com carteira de trabalho assinada","Private-sector employee, with signed card (formal)",3,True,34107.0,36.46,2019 (annual),observed,33783.0,,"IBGE SIDRA t4361 v4090 c11913 (PNADC anual); thousands_qavg = mean of 4 quarters, t4097"
2019,31723,"Empregado no setor privado, exclusive trabalhador doméstico - sem carteira de trabalho assinada","Private-sector employee, without signed card (informal)",3,True,12105.0,12.94,2019 (annual),observed,11736.0,,"IBGE SIDRA t4361 v4090 c11913 (PNADC anual); thousands_qavg = mean of 4 quarters, t4097"
2019,31724,Trabalhador doméstico,Domestic workers (all),2,False,6020.0,6.44,2019 (annual),observed,6021.0,,"IBGE SIDRA t4361 v4090 c11913 (PNADC anual); thousands_qavg = mean of 4 quarters, t4097"
2019,31725,Trabalhador doméstico - com carteira de trabalho assinada,"Domestic worker, with signed card",3,True,1665.0,1.78,2019 (annual),observed,1698.0,,"IBGE SIDRA t4361 v4090 c11913 (PNADC anual); thousands_qavg = mean of 4 quarters, t4097"
2019,31726,Trabalhador doméstico - sem carteira de trabalho assinada,"Domestic worker, without signed card",3,True,4355.0,4.66,2019 (annual),observed,4323.0,,"IBGE SIDRA t4361 v4090 c11913 (PNADC anual); thousands_qavg = mean of 4 quarters, t4097"
2019,31727,Empregado no setor público,Public-sector employees (incl. military & statutory),2,True,11219.0,11.99,2019 (annual),observed,11202.0,,"IBGE SIDRA t4361 v4090 c11913 (PNADC anual); thousands_qavg = mean of 4 quarters, t4097"
2019,31728,"Empregado no setor público, exclusive militar e funcionário público estatutário - com carteira de trabalho assinada","Public sector, non-statutory, with signed card",3,False,1253.0,1.34,2019 (annual),observed,1213.0,,"IBGE SIDRA t4361 v4090 c11913 (PNADC anual); thousands_qavg = mean of 4 quarters, t4097"
2019,31729,"Empregado no setor público, exclusive militar e funcionário público estatutário - sem carteira de trabalho assinada","Public sector, non-statutory, without signed card",3,False,2425.0,2.59,2019 (annual),observed,2391.0,,"IBGE SIDRA t4361 v4090 c11913 (PNADC anual); thousands_qavg = mean of 4 quarters, t4097"
2019,31730,Empregado no setor público - militar e funcionário público estatutário,"Public sector, military & statutory civil servants",3,False,7541.0,8.06,2019 (annual),observed,7598.0,,"IBGE SIDRA t4361 v4090 c11913 (PNADC anual); thousands_qavg = mean of 4 quarters, t4097"
2019,96170,Empregador,Employers,1,True,4262.0,4.56,2019 (annual),observed,4290.0,,"IBGE SIDRA t4361 v4090 c11913 (PNADC anual); thousands_qavg = mean of 4 quarters, t4097"
2019,45934,Empregador com CNPJ,Employers with CNPJ,2,False,3431.0,3.67,2019 (annual),observed,,,"IBGE SIDRA t4361 v4090 c11913 (PNADC anual); thousands_qavg = mean of 4 quarters, t4097"
2019,45935,Empregador sem CNPJ,Employers without CNPJ,2,False,831.0,0.89,2019 (annual),observed,,,"IBGE SIDRA t4361 v4090 c11913 (PNADC anual); thousands_qavg = mean of 4 quarters, t4097"
2019,96171,Conta própria,Own-account (self-employed),1,True,23788.0,25.43,2019 (annual),observed,23639.0,,"IBGE SIDRA t4361 v4090 c11913 (PNADC anual); thousands_qavg = mean of 4 quarters, t4097"
2019,45936,Conta própria com CNPJ,Own-account with CNPJ,2,False,4800.0,5.13,2019 (annual),observed,,,"IBGE SIDRA t4361 v4090 c11913 (PNADC anual); thousands_qavg = mean of 4 quarters, t4097"
2019,45937,Conta própria sem CNPJ,Own-account without CNPJ,2,False,18988.0,20.3,2019 (annual),observed,,,"IBGE SIDRA t4361 v4090 c11913 (PNADC anual); thousands_qavg = mean of 4 quarters, t4097"
2019,31731,Trabalhador familiar auxiliar,Contributing family worker,1,True,2033.0,2.17,2019 (annual),observed,2073.0,,"IBGE SIDRA t4361 v4090 c11913 (PNADC anual); thousands_qavg = mean of 4 quarters, t4097"
2020,96165,Total,Total employed,0,False,85289.0,100.0,2020 (annual),observed,85439.0,,"IBGE SIDRA t4361 v4090 c11913 (PNADC anual); thousands_qavg = mean of 4 quarters, t4097"
2020,96166,Empregado,Employees (all),1,False,57661.0,67.61,2020 (annual),observed,,,"IBGE SIDRA t4361 v4090 c11913 (PNADC anual); thousands_qavg = mean of 4 quarters, t4097"
2020,31721,"Empregado no setor privado, exclusive trabalhador doméstico",Private-sector employees (excl. domestic),2,False,41744.0,48.94,2020 (annual),observed,41331.0,,"IBGE SIDRA t4361 v4090 c11913 (PNADC anual); thousands_qavg = mean of 4 quarters, t4097"
2020,31722,"Empregado no setor privado, exclusive trabalhador doméstico - com carteira de trabalho assinada","Private-sector employee, with signed card (formal)",3,True,31966.0,37.48,2020 (annual),observed,31406.0,,"IBGE SIDRA t4361 v4090 c11913 (PNADC anual); thousands_qavg = mean of 4 quarters, t4097"
2020,31723,"Empregado no setor privado, exclusive trabalhador doméstico - sem carteira de trabalho assinada","Private-sector employee, without signed card (informal)",3,True,9778.0,11.46,2020 (annual),observed,9924.0,,"IBGE SIDRA t4361 v4090 c11913 (PNADC anual); thousands_qavg = mean of 4 quarters, t4097"
2020,31724,Trabalhador doméstico,Domestic workers (all),2,False,4840.0,5.67,2020 (annual),observed,4807.0,,"IBGE SIDRA t4361 v4090 c11913 (PNADC anual); thousands_qavg = mean of 4 quarters, t4097"
2020,31725,Trabalhador doméstico - com carteira de trabalho assinada,"Domestic worker, with signed card",3,True,1427.0,1.67,2020 (annual),observed,1338.0,,"IBGE SIDRA t4361 v4090 c11913 (PNADC anual); thousands_qavg = mean of 4 quarters, t4097"
2020,31726,Trabalhador doméstico - sem carteira de trabalho assinada,"Domestic worker, without signed card",3,True,3413.0,4.0,2020 (annual),observed,3469.0,,"IBGE SIDRA t4361 v4090 c11913 (PNADC anual); thousands_qavg = mean of 4 quarters, t4097"
2020,31727,Empregado no setor público,Public-sector employees (incl. military & statutory),2,True,11077.0,12.99,2020 (annual),observed,11416.0,,"IBGE SIDRA t4361 v4090 c11913 (PNADC anual); thousands_qavg = mean of 4 quarters, t4097"
2020,31728,"Empregado no setor público, exclusive militar e funcionário público estatutário - com carteira de trabalho assinada","Public sector, non-statutory, with signed card",3,False,1096.0,1.29,2020 (annual),observed,1156.0,,"IBGE SIDRA t4361 v4090 c11913 (PNADC anual); thousands_qavg = mean of 4 quarters, t4097"
2020,31729,"Empregado no setor público, exclusive militar e funcionário público estatutário - sem carteira de trabalho assinada","Public sector, non-statutory, without signed card",3,False,2257.0,2.65,2020 (annual),observed,2283.0,,"IBGE SIDRA t4361 v4090 c11913 (PNADC anual); thousands_qavg = mean of 4 quarters, t4097"
2020,31730,Empregado no setor público - militar e funcionário público estatutário,"Public sector, military & statutory civil servants",3,False,7723.0,9.06,2020 (annual),observed,7977.0,,"IBGE SIDRA t4361 v4090 c11913 (PNADC anual); thousands_qavg = mean of 4 quarters, t4097"
2020,96170,Empregador,Employers,1,True,4069.0,4.77,2020 (annual),observed,3912.0,,"IBGE SIDRA t4361 v4090 c11913 (PNADC anual); thousands_qavg = mean of 4 quarters, t4097"
2020,45934,Empregador com CNPJ,Employers with CNPJ,2,False,3401.0,3.99,2020 (annual),observed,,,"IBGE SIDRA t4361 v4090 c11913 (PNADC anual); thousands_qavg = mean of 4 quarters, t4097"
2020,45935,Empregador sem CNPJ,Employers without CNPJ,2,False,668.0,0.78,2020 (annual),observed,,,"IBGE SIDRA t4361 v4090 c11913 (PNADC anual); thousands_qavg = mean of 4 quarters, t4097"
2020,96171,Conta própria,Own-account (self-employed),1,True,21689.0,25.43,2020 (annual),observed,22072.0,,"IBGE SIDRA t4361 v4090 c11913 (PNADC anual); thousands_qavg = mean of 4 quarters, t4097"
2020,45936,Conta própria com CNPJ,Own-account with CNPJ,2,False,5224.0,6.13,2020 (annual),observed,,,"IBGE SIDRA t4361 v4090 c11913 (PNADC anual); thousands_qavg = mean of 4 quarters, t4097"
2020,45937,Conta própria sem CNPJ,Own-account without CNPJ,2,False,16465.0,19.3,2020 (annual),observed,,,"IBGE SIDRA t4361 v4090 c11913 (PNADC anual); thousands_qavg = mean of 4 quarters, t4097"
2020,31731,Trabalhador familiar auxiliar,Contributing family worker,1,True,1870.0,2.19,2020 (annual),observed,1902.0,,"IBGE SIDRA t4361 v4090 c11913 (PNADC anual); thousands_qavg = mean of 4 quarters, t4097"
2021,96165,Total,Total employed,0,False,87929.0,100.0,2021 (annual),observed,89623.0,,"IBGE SIDRA t4361 v4090 c11913 (PNADC anual); thousands_qavg = mean of 4 quarters, t4097"
2021,96166,Empregado,Employees (all),1,False,58619.0,66.67,2021 (annual),observed,,,"IBGE SIDRA t4361 v4090 c11913 (PNADC anual); thousands_qavg = mean of 4 quarters, t4097"
2021,31721,"Empregado no setor privado, exclusive trabalhador doméstico",Private-sector employees (excl. domestic),2,False,42547.0,48.39,2021 (annual),observed,43230.0,,"IBGE SIDRA t4361 v4090 c11913 (PNADC anual); thousands_qavg = mean of 4 quarters, t4097"
2021,31722,"Empregado no setor privado, exclusive trabalhador doméstico - com carteira de trabalho assinada","Private-sector employee, with signed card (formal)",3,True,31910.0,36.29,2021 (annual),observed,32200.0,,"IBGE SIDRA t4361 v4090 c11913 (PNADC anual); thousands_qavg = mean of 4 quarters, t4097"
2021,31723,"Empregado no setor privado, exclusive trabalhador doméstico - sem carteira de trabalho assinada","Private-sector employee, without signed card (informal)",3,True,10637.0,12.1,2021 (annual),observed,11030.0,,"IBGE SIDRA t4361 v4090 c11913 (PNADC anual); thousands_qavg = mean of 4 quarters, t4097"
2021,31724,Trabalhador doméstico,Domestic workers (all),2,False,5069.0,5.76,2021 (annual),observed,5124.0,,"IBGE SIDRA t4361 v4090 c11913 (PNADC anual); thousands_qavg = mean of 4 quarters, t4097"
2021,31725,Trabalhador doméstico - com carteira de trabalho assinada,"Domestic worker, with signed card",3,True,1317.0,1.5,2021 (annual),observed,1291.0,,"IBGE SIDRA t4361 v4090 c11913 (PNADC anual); thousands_qavg = mean of 4 quarters, t4097"
2021,31726,Trabalhador doméstico - sem carteira de trabalho assinada,"Domestic worker, without signed card",3,True,3752.0,4.27,2021 (annual),observed,3834.0,,"IBGE SIDRA t4361 v4090 c11913 (PNADC anual); thousands_qavg = mean of 4 quarters, t4097"
2021,31727,Empregado no setor público,Public-sector employees (incl. military & statutory),2,True,11003.0,12.51,2021 (annual),observed,11152.0,,"IBGE SIDRA t4361 v4090 c11913 (PNADC anual); thousands_qavg = mean of 4 quarters, t4097"
2021,31728,"Empregado no setor público, exclusive militar e funcionário público estatutário - com carteira de trabalho assinada","Public sector, non-statutory, with signed card",3,False,1134.0,1.29,2021 (annual),observed,1203.0,,"IBGE SIDRA t4361 v4090 c11913 (PNADC anual); thousands_qavg = mean of 4 quarters, t4097"
2021,31729,"Empregado no setor público, exclusive militar e funcionário público estatutário - sem carteira de trabalho assinada","Public sector, non-statutory, without signed card",3,False,2106.0,2.4,2021 (annual),observed,2155.0,,"IBGE SIDRA t4361 v4090 c11913 (PNADC anual); thousands_qavg = mean of 4 quarters, t4097"
2021,31730,Empregado no setor público - militar e funcionário público estatutário,"Public sector, military & statutory civil servants",3,False,7763.0,8.83,2021 (annual),observed,7794.0,,"IBGE SIDRA t4361 v4090 c11913 (PNADC anual); thousands_qavg = mean of 4 quarters, t4097"
2021,96170,Empregador,Employers,1,True,3780.0,4.3,2021 (annual),observed,3709.0,,"IBGE SIDRA t4361 v4090 c11913 (PNADC anual); thousands_qavg = mean of 4 quarters, t4097"
2021,45934,Empregador com CNPJ,Employers with CNPJ,2,False,3115.0,3.54,2021 (annual),observed,,,"IBGE SIDRA t4361 v4090 c11913 (PNADC anual); thousands_qavg = mean of 4 quarters, t4097"
2021,45935,Empregador sem CNPJ,Employers without CNPJ,2,False,665.0,0.76,2021 (annual),observed,,,"IBGE SIDRA t4361 v4090 c11913 (PNADC anual); thousands_qavg = mean of 4 quarters, t4097"
2021,96171,Conta própria,Own-account (self-employed),1,True,23617.0,26.86,2021 (annual),observed,24465.0,,"IBGE SIDRA t4361 v4090 c11913 (PNADC anual); thousands_qavg = mean of 4 quarters, t4097"
2021,45936,Conta própria com CNPJ,Own-account with CNPJ,2,False,5798.0,6.59,2021 (annual),observed,,,"IBGE SIDRA t4361 v4090 c11913 (PNADC anual); thousands_qavg = mean of 4 quarters, t4097"
2021,45937,Conta própria sem CNPJ,Own-account without CNPJ,2,False,17819.0,20.27,2021 (annual),observed,,,"IBGE SIDRA t4361 v4090 c11913 (PNADC anual); thousands_qavg = mean of 4 quarters, t4097"
2021,31731,Trabalhador familiar auxiliar,Contributing family worker,1,True,1914.0,2.18,2021 (annual),observed,1944.0,,"IBGE SIDRA t4361 v4090 c11913 (PNADC anual); thousands_qavg = mean of 4 quarters, t4097"
2022,96165,Total,Total employed,0,False,95158.0,100.0,2022 (annual),observed,96230.0,,"IBGE SIDRA t4361 v4090 c11913 (PNADC anual); thousands_qavg = mean of 4 quarters, t4097"
2022,96166,Empregado,Employees (all),1,False,64576.0,67.86,2022 (annual),observed,,,"IBGE SIDRA t4361 v4090 c11913 (PNADC anual); thousands_qavg = mean of 4 quarters, t4097"
2022,31721,"Empregado no setor privado, exclusive trabalhador doméstico",Private-sector employees (excl. domestic),2,False,47250.0,49.65,2022 (annual),observed,47884.0,,"IBGE SIDRA t4361 v4090 c11913 (PNADC anual); thousands_qavg = mean of 4 quarters, t4097"
2022,31722,"Empregado no setor privado, exclusive trabalhador doméstico - com carteira de trabalho assinada","Private-sector employee, with signed card (formal)",3,True,34832.0,36.6,2022 (annual),observed,35200.0,,"IBGE SIDRA t4361 v4090 c11913 (PNADC anual); thousands_qavg = mean of 4 quarters, t4097"
2022,31723,"Empregado no setor privado, exclusive trabalhador doméstico - sem carteira de trabalho assinada","Private-sector employee, without signed card (informal)",3,True,12419.0,13.05,2022 (annual),observed,12684.0,,"IBGE SIDRA t4361 v4090 c11913 (PNADC anual); thousands_qavg = mean of 4 quarters, t4097"
2022,31724,Trabalhador doméstico,Domestic workers (all),2,False,5668.0,5.96,2022 (annual),observed,5749.0,,"IBGE SIDRA t4361 v4090 c11913 (PNADC anual); thousands_qavg = mean of 4 quarters, t4097"
2022,31725,Trabalhador doméstico - com carteira de trabalho assinada,"Domestic worker, with signed card",3,True,1445.0,1.52,2022 (annual),observed,1448.0,,"IBGE SIDRA t4361 v4090 c11913 (PNADC anual); thousands_qavg = mean of 4 quarters, t4097"
2022,31726,Trabalhador doméstico - sem carteira de trabalho assinada,"Domestic worker, without signed card",3,True,4223.0,4.44,2022 (annual),observed,4301.0,,"IBGE SIDRA t4361 v4090 c11913 (PNADC anual); thousands_qavg = mean of 4 quarters, t4097"
2022,31727,Empregado no setor público,Public-sector employees (incl. military & statutory),2,True,11658.0,12.25,2022 (annual),observed,11640.0,,"IBGE SIDRA t4361 v4090 c11913 (PNADC anual); thousands_qavg = mean of 4 quarters, t4097"
2022,31728,"Empregado no setor público, exclusive militar e funcionário público estatutário - com carteira de trabalho assinada","Public sector, non-statutory, with signed card",3,False,1333.0,1.4,2022 (annual),observed,1288.0,,"IBGE SIDRA t4361 v4090 c11913 (PNADC anual); thousands_qavg = mean of 4 quarters, t4097"
2022,31729,"Empregado no setor público, exclusive militar e funcionário público estatutário - sem carteira de trabalho assinada","Public sector, non-statutory, without signed card",3,False,2696.0,2.83,2022 (annual),observed,2729.0,,"IBGE SIDRA t4361 v4090 c11913 (PNADC anual); thousands_qavg = mean of 4 quarters, t4097"
2022,31730,Empregado no setor público - militar e funcionário público estatutário,"Public sector, military & statutory civil servants",3,False,7628.0,8.02,2022 (annual),observed,7624.0,,"IBGE SIDRA t4361 v4090 c11913 (PNADC anual); thousands_qavg = mean of 4 quarters, t4097"
2022,96170,Empregador,Employers,1,True,4019.0,4.22,2022 (annual),observed,4152.0,,"IBGE SIDRA t4361 v4090 c11913 (PNADC anual); thousands_qavg = mean of 4 quarters, t4097"
2022,45934,Empregador com CNPJ,Employers with CNPJ,2,False,3253.0,3.42,2022 (annual),observed,,,"IBGE SIDRA t4361 v4090 c11913 (PNADC anual); thousands_qavg = mean of 4 quarters, t4097"
2022,45935,Empregador sem CNPJ,Employers without CNPJ,2,False,767.0,0.81,2022 (annual),observed,,,"IBGE SIDRA t4361 v4090 c11913 (PNADC anual); thousands_qavg = mean of 4 quarters, t4097"
2022,96171,Conta própria,Own-account (self-employed),1,True,24872.0,26.14,2022 (annual),observed,25060.0,,"IBGE SIDRA t4361 v4090 c11913 (PNADC anual); thousands_qavg = mean of 4 quarters, t4097"
2022,45936,Conta própria com CNPJ,Own-account with CNPJ,2,False,6361.0,6.68,2022 (annual),observed,,,"IBGE SIDRA t4361 v4090 c11913 (PNADC anual); thousands_qavg = mean of 4 quarters, t4097"
2022,45937,Conta própria sem CNPJ,Own-account without CNPJ,2,False,18511.0,19.45,2022 (annual),observed,,,"IBGE SIDRA t4361 v4090 c11913 (PNADC anual); thousands_qavg = mean of 4 quarters, t4097"
2022,31731,Trabalhador familiar auxiliar,Contributing family worker,1,True,1691.0,1.78,2022 (annual),observed,1744.0,,"IBGE SIDRA t4361 v4090 c11913 (PNADC anual); thousands_qavg = mean of 4 quarters, t4097"
2023,96165,Total,Total employed,0,False,98733.0,100.0,2023 (annual),observed,97504.0,,"IBGE SIDRA t4361 v4090 c11913 (PNADC anual); thousands_qavg = mean of 4 quarters, t4097"
2023,96166,Empregado,Employees (all),1,False,68036.0,68.91,2023 (annual),observed,,,"IBGE SIDRA t4361 v4090 c11913 (PNADC anual); thousands_qavg = mean of 4 quarters, t4097"
2023,31721,"Empregado no setor privado, exclusive trabalhador doméstico",Private-sector employees (excl. domestic),2,False,50035.0,50.68,2023 (annual),observed,49370.0,,"IBGE SIDRA t4361 v4090 c11913 (PNADC anual); thousands_qavg = mean of 4 quarters, t4097"
2023,31722,"Empregado no setor privado, exclusive trabalhador doméstico - com carteira de trabalho assinada","Private-sector employee, with signed card (formal)",3,True,36892.0,37.37,2023 (annual),observed,36446.0,,"IBGE SIDRA t4361 v4090 c11913 (PNADC anual); thousands_qavg = mean of 4 quarters, t4097"
2023,31723,"Empregado no setor privado, exclusive trabalhador doméstico - sem carteira de trabalho assinada","Private-sector employee, without signed card (informal)",3,True,13144.0,13.31,2023 (annual),observed,12923.0,,"IBGE SIDRA t4361 v4090 c11913 (PNADC anual); thousands_qavg = mean of 4 quarters, t4097"
2023,31724,Trabalhador doméstico,Domestic workers (all),2,False,6006.0,6.08,2023 (annual),observed,5794.0,,"IBGE SIDRA t4361 v4090 c11913 (PNADC anual); thousands_qavg = mean of 4 quarters, t4097"
2023,31725,Trabalhador doméstico - com carteira de trabalho assinada,"Domestic worker, with signed card",3,True,1457.0,1.48,2023 (annual),observed,1443.0,,"IBGE SIDRA t4361 v4090 c11913 (PNADC anual); thousands_qavg = mean of 4 quarters, t4097"
2023,31726,Trabalhador doméstico - sem carteira de trabalho assinada,"Domestic worker, without signed card",3,True,4549.0,4.61,2023 (annual),observed,4352.0,,"IBGE SIDRA t4361 v4090 c11913 (PNADC anual); thousands_qavg = mean of 4 quarters, t4097"
2023,31727,Empregado no setor público,Public-sector employees (incl. military & statutory),2,True,11994.0,12.15,2023 (annual),observed,11882.0,,"IBGE SIDRA t4361 v4090 c11913 (PNADC anual); thousands_qavg = mean of 4 quarters, t4097"
2023,31728,"Empregado no setor público, exclusive militar e funcionário público estatutário - com carteira de trabalho assinada","Public sector, non-statutory, with signed card",3,False,1422.0,1.44,2023 (annual),observed,1374.0,,"IBGE SIDRA t4361 v4090 c11913 (PNADC anual); thousands_qavg = mean of 4 quarters, t4097"
2023,31729,"Empregado no setor público, exclusive militar e funcionário público estatutário - sem carteira de trabalho assinada","Public sector, non-statutory, without signed card",3,False,3090.0,3.13,2023 (annual),observed,2967.0,,"IBGE SIDRA t4361 v4090 c11913 (PNADC anual); thousands_qavg = mean of 4 quarters, t4097"
2023,31730,Empregado no setor público - militar e funcionário público estatutário,"Public sector, military & statutory civil servants",3,False,7482.0,7.58,2023 (annual),observed,7542.0,,"IBGE SIDRA t4361 v4090 c11913 (PNADC anual); thousands_qavg = mean of 4 quarters, t4097"
2023,96170,Empregador,Employers,1,True,4242.0,4.3,2023 (annual),observed,4108.0,,"IBGE SIDRA t4361 v4090 c11913 (PNADC anual); thousands_qavg = mean of 4 quarters, t4097"
2023,45934,Empregador com CNPJ,Employers with CNPJ,2,False,3432.0,3.48,2023 (annual),observed,,,"IBGE SIDRA t4361 v4090 c11913 (PNADC anual); thousands_qavg = mean of 4 quarters, t4097"
2023,45935,Empregador sem CNPJ,Employers without CNPJ,2,False,811.0,0.82,2023 (annual),observed,,,"IBGE SIDRA t4361 v4090 c11913 (PNADC anual); thousands_qavg = mean of 4 quarters, t4097"
2023,96171,Conta própria,Own-account (self-employed),1,True,25038.0,25.36,2023 (annual),observed,24870.0,,"IBGE SIDRA t4361 v4090 c11913 (PNADC anual); thousands_qavg = mean of 4 quarters, t4097"
2023,45936,Conta própria com CNPJ,Own-account with CNPJ,2,False,6234.0,6.31,2023 (annual),observed,,,"IBGE SIDRA t4361 v4090 c11913 (PNADC anual); thousands_qavg = mean of 4 quarters, t4097"
2023,45937,Conta própria sem CNPJ,Own-account without CNPJ,2,False,18803.0,19.04,2023 (annual),observed,,,"IBGE SIDRA t4361 v4090 c11913 (PNADC anual); thousands_qavg = mean of 4 quarters, t4097"
2023,31731,Trabalhador familiar auxiliar,Contributing family worker,1,True,1416.0,1.43,2023 (annual),observed,1479.0,,"IBGE SIDRA t4361 v4090 c11913 (PNADC anual); thousands_qavg = mean of 4 quarters, t4097"
2024,96165,Total,Total employed,0,False,101309.0,100.0,2024 (annual),observed,100266.0,,"IBGE SIDRA t4361 v4090 c11913 (PNADC anual); thousands_qavg = mean of 4 quarters, t4097"
2024,96166,Empregado,Employees (all),1,False,70167.0,69.26,2024 (annual),observed,,,"IBGE SIDRA t4361 v4090 c11913 (PNADC anual); thousands_qavg = mean of 4 quarters, t4097"
2024,31721,"Empregado no setor privado, exclusive trabalhador doméstico",Private-sector employees (excl. domestic),2,False,51818.0,51.15,2024 (annual),observed,51540.0,,"IBGE SIDRA t4361 v4090 c11913 (PNADC anual); thousands_qavg = mean of 4 quarters, t4097"
2024,31722,"Empregado no setor privado, exclusive trabalhador doméstico - com carteira de trabalho assinada","Private-sector employee, with signed card (formal)",3,True,37897.0,37.41,2024 (annual),observed,37876.0,,"IBGE SIDRA t4361 v4090 c11913 (PNADC anual); thousands_qavg = mean of 4 quarters, t4097"
2024,31723,"Empregado no setor privado, exclusive trabalhador doméstico - sem carteira de trabalho assinada","Private-sector employee, without signed card (informal)",3,True,13921.0,13.74,2024 (annual),observed,13664.0,,"IBGE SIDRA t4361 v4090 c11913 (PNADC anual); thousands_qavg = mean of 4 quarters, t4097"
2024,31724,Trabalhador doméstico,Domestic workers (all),2,False,5915.0,5.84,2024 (annual),observed,5835.0,,"IBGE SIDRA t4361 v4090 c11913 (PNADC anual); thousands_qavg = mean of 4 quarters, t4097"
2024,31725,Trabalhador doméstico - com carteira de trabalho assinada,"Domestic worker, with signed card",3,True,1459.0,1.44,2024 (annual),observed,1422.0,,"IBGE SIDRA t4361 v4090 c11913 (PNADC anual); thousands_qavg = mean of 4 quarters, t4097"
2024,31726,Trabalhador doméstico - sem carteira de trabalho assinada,"Domestic worker, without signed card",3,True,4456.0,4.4,2024 (annual),observed,4412.0,,"IBGE SIDRA t4361 v4090 c11913 (PNADC anual); thousands_qavg = mean of 4 quarters, t4097"
2024,31727,Empregado no setor público,Public-sector employees (incl. military & statutory),2,True,12434.0,12.27,2024 (annual),observed,12316.0,,"IBGE SIDRA t4361 v4090 c11913 (PNADC anual); thousands_qavg = mean of 4 quarters, t4097"
2024,31728,"Empregado no setor público, exclusive militar e funcionário público estatutário - com carteira de trabalho assinada","Public sector, non-statutory, with signed card",3,False,1497.0,1.48,2024 (annual),observed,1463.0,,"IBGE SIDRA t4361 v4090 c11913 (PNADC anual); thousands_qavg = mean of 4 quarters, t4097"
2024,31729,"Empregado no setor público, exclusive militar e funcionário público estatutário - sem carteira de trabalho assinada","Public sector, non-statutory, without signed card",3,False,3271.0,3.23,2024 (annual),observed,3171.0,,"IBGE SIDRA t4361 v4090 c11913 (PNADC anual); thousands_qavg = mean of 4 quarters, t4097"
2024,31730,Empregado no setor público - militar e funcionário público estatutário,"Public sector, military & statutory civil servants",3,False,7667.0,7.57,2024 (annual),observed,7682.0,,"IBGE SIDRA t4361 v4090 c11913 (PNADC anual); thousands_qavg = mean of 4 quarters, t4097"
2024,96170,Empregador,Employers,1,True,4323.0,4.27,2024 (annual),observed,4183.0,,"IBGE SIDRA t4361 v4090 c11913 (PNADC anual); thousands_qavg = mean of 4 quarters, t4097"
2024,45934,Empregador com CNPJ,Employers with CNPJ,2,False,3458.0,3.41,2024 (annual),observed,,,"IBGE SIDRA t4361 v4090 c11913 (PNADC anual); thousands_qavg = mean of 4 quarters, t4097"
2024,45935,Empregador sem CNPJ,Employers without CNPJ,2,False,865.0,0.85,2024 (annual),observed,,,"IBGE SIDRA t4361 v4090 c11913 (PNADC anual); thousands_qavg = mean of 4 quarters, t4097"
2024,96171,Conta própria,Own-account (self-employed),1,True,25489.0,25.16,2024 (annual),observed,25058.0,,"IBGE SIDRA t4361 v4090 c11913 (PNADC anual); thousands_qavg = mean of 4 quarters, t4097"
2024,45936,Conta própria com CNPJ,Own-account with CNPJ,2,False,6550.0,6.47,2024 (annual),observed,,,"IBGE SIDRA t4361 v4090 c11913 (PNADC anual); thousands_qavg = mean of 4 quarters, t4097"
2024,45937,Conta própria sem CNPJ,Own-account without CNPJ,2,False,18939.0,18.69,2024 (annual),observed,,,"IBGE SIDRA t4361 v4090 c11913 (PNADC anual); thousands_qavg = mean of 4 quarters, t4097"
2024,31731,Trabalhador familiar auxiliar,Contributing family worker,1,True,1330.0,1.31,2024 (annual),observed,1333.0,,"IBGE SIDRA t4361 v4090 c11913 (PNADC anual); thousands_qavg = mean of 4 quarters, t4097"
2025,96165,Total,Total employed,0,False,102983.0,100.0,2025 (annual),observed,102064.0,,"IBGE SIDRA t4361 v4090 c11913 (PNADC anual); thousands_qavg = mean of 4 quarters, t4097"
2025,96166,Empregado,Employees (all),1,False,71119.0,69.06,2025 (annual),observed,,,"IBGE SIDRA t4361 v4090 c11913 (PNADC anual); thousands_qavg = mean of 4 quarters, t4097"
2025,31721,"Empregado no setor privado, exclusive trabalhador doméstico",Private-sector employees (excl. domestic),2,False,52755.0,51.23,2025 (annual),observed,52531.0,,"IBGE SIDRA t4361 v4090 c11913 (PNADC anual); thousands_qavg = mean of 4 quarters, t4097"
2025,31722,"Empregado no setor privado, exclusive trabalhador doméstico - com carteira de trabalho assinada","Private-sector employee, with signed card (formal)",3,True,38941.0,37.81,2025 (annual),observed,39080.0,,"IBGE SIDRA t4361 v4090 c11913 (PNADC anual); thousands_qavg = mean of 4 quarters, t4097"
2025,31723,"Empregado no setor privado, exclusive trabalhador doméstico - sem carteira de trabalho assinada","Private-sector employee, without signed card (informal)",3,True,13814.0,13.41,2025 (annual),observed,13451.0,,"IBGE SIDRA t4361 v4090 c11913 (PNADC anual); thousands_qavg = mean of 4 quarters, t4097"
2025,31724,Trabalhador doméstico,Domestic workers (all),2,False,5653.0,5.49,2025 (annual),observed,5604.0,,"IBGE SIDRA t4361 v4090 c11913 (PNADC anual); thousands_qavg = mean of 4 quarters, t4097"
2025,31725,Trabalhador doméstico - com carteira de trabalho assinada,"Domestic worker, with signed card",3,True,1376.0,1.34,2025 (annual),observed,1373.0,,"IBGE SIDRA t4361 v4090 c11913 (PNADC anual); thousands_qavg = mean of 4 quarters, t4097"
2025,31726,Trabalhador doméstico - sem carteira de trabalho assinada,"Domestic worker, without signed card",3,True,4277.0,4.15,2025 (annual),observed,4232.0,,"IBGE SIDRA t4361 v4090 c11913 (PNADC anual); thousands_qavg = mean of 4 quarters, t4097"
2025,31727,Empregado no setor público,Public-sector employees (incl. military & statutory),2,True,12711.0,12.34,2025 (annual),observed,12728.0,,"IBGE SIDRA t4361 v4090 c11913 (PNADC anual); thousands_qavg = mean of 4 quarters, t4097"
2025,31728,"Empregado no setor público, exclusive militar e funcionário público estatutário - com carteira de trabalho assinada","Public sector, non-statutory, with signed card",3,False,1569.0,1.52,2025 (annual),observed,1584.0,,"IBGE SIDRA t4361 v4090 c11913 (PNADC anual); thousands_qavg = mean of 4 quarters, t4097"
2025,31729,"Empregado no setor público, exclusive militar e funcionário público estatutário - sem carteira de trabalho assinada","Public sector, non-statutory, without signed card",3,False,3115.0,3.02,2025 (annual),observed,3189.0,,"IBGE SIDRA t4361 v4090 c11913 (PNADC anual); thousands_qavg = mean of 4 quarters, t4097"
2025,31730,Empregado no setor público - militar e funcionário público estatutário,"Public sector, military & statutory civil servants",3,False,8026.0,7.79,2025 (annual),observed,7955.0,,"IBGE SIDRA t4361 v4090 c11913 (PNADC anual); thousands_qavg = mean of 4 quarters, t4097"
2025,96170,Empregador,Employers,1,True,4484.0,4.35,2025 (annual),observed,4200.0,,"IBGE SIDRA t4361 v4090 c11913 (PNADC anual); thousands_qavg = mean of 4 quarters, t4097"
2025,45934,Empregador com CNPJ,Employers with CNPJ,2,False,3636.0,3.53,2025 (annual),observed,,,"IBGE SIDRA t4361 v4090 c11913 (PNADC anual); thousands_qavg = mean of 4 quarters, t4097"
2025,45935,Empregador sem CNPJ,Employers without CNPJ,2,False,848.0,0.82,2025 (annual),observed,,,"IBGE SIDRA t4361 v4090 c11913 (PNADC anual); thousands_qavg = mean of 4 quarters, t4097"
2025,96171,Conta própria,Own-account (self-employed),1,True,26112.0,25.36,2025 (annual),observed,25782.0,,"IBGE SIDRA t4361 v4090 c11913 (PNADC anual); thousands_qavg = mean of 4 quarters, t4097"
2025,45936,Conta própria com CNPJ,Own-account with CNPJ,2,False,7081.0,6.88,2025 (annual),observed,,,"IBGE SIDRA t4361 v4090 c11913 (PNADC anual); thousands_qavg = mean of 4 quarters, t4097"
2025,45937,Conta própria sem CNPJ,Own-account without CNPJ,2,False,19031.0,18.48,2025 (annual),observed,,,"IBGE SIDRA t4361 v4090 c11913 (PNADC anual); thousands_qavg = mean of 4 quarters, t4097"
2025,31731,Trabalhador familiar auxiliar,Contributing family worker,1,True,1267.0,1.23,2025 (annual),observed,1219.0,,"IBGE SIDRA t4361 v4090 c11913 (PNADC anual); thousands_qavg = mean of 4 quarters, t4097"
2026,96165,Total,Total employed,0,False,103477.0,100.0,jun-jul-ago 2026,partial,,102418.0,"IBGE SIDRA t6320 v4090 c11913 (PNADC mensal, trimestre movel; released 2026-09-29)"
2026,96166,Empregado,Employees (all),1,False,71627.0,69.22,jun-jul-ago 2026,partial,,71032.0,"IBGE SIDRA t6320 v4090 c11913 (PNADC mensal, trimestre movel; released 2026-09-29)"
2026,31721,"Empregado no setor privado, exclusive trabalhador doméstico",Private-sector employees (excl. domestic),2,False,53134.0,51.35,jun-jul-ago 2026,partial,,52626.0,"IBGE SIDRA t6320 v4090 c11913 (PNADC mensal, trimestre movel; released 2026-09-29)"
2026,31722,"Empregado no setor privado, exclusive trabalhador doméstico - com carteira de trabalho assinada","Private-sector employee, with signed card (formal)",3,True,39452.0,38.13,jun-jul-ago 2026,partial,,39118.0,"IBGE SIDRA t6320 v4090 c11913 (PNADC mensal, trimestre movel; released 2026-09-29)"
2026,31723,"Empregado no setor privado, exclusive trabalhador doméstico - sem carteira de trabalho assinada","Private-sector employee, without signed card (informal)",3,True,13682.0,13.22,jun-jul-ago 2026,partial,,13508.0,"IBGE SIDRA t6320 v4090 c11913 (PNADC mensal, trimestre movel; released 2026-09-29)"
2026,31724,Trabalhador doméstico,Domestic workers (all),2,False,5459.0,5.28,jun-jul-ago 2026,partial,,5555.0,"IBGE SIDRA t6320 v4090 c11913 (PNADC mensal, trimestre movel; released 2026-09-29)"
2026,31725,Trabalhador doméstico - com carteira de trabalho assinada,"Domestic worker, with signed card",3,True,1283.0,1.24,jun-jul-ago 2026,partial,,1355.0,"IBGE SIDRA t6320 v4090 c11913 (PNADC mensal, trimestre movel; released 2026-09-29)"
2026,31726,Trabalhador doméstico - sem carteira de trabalho assinada,"Domestic worker, without signed card",3,True,4177.0,4.04,jun-jul-ago 2026,partial,,4200.0,"IBGE SIDRA t6320 v4090 c11913 (PNADC mensal, trimestre movel; released 2026-09-29)"
2026,31727,Empregado no setor público,Public-sector employees (incl. military & statutory),2,True,13033.0,12.6,jun-jul-ago 2026,partial,,12850.0,"IBGE SIDRA t6320 v4090 c11913 (PNADC mensal, trimestre movel; released 2026-09-29)"
2026,31728,"Empregado no setor público, exclusive militar e funcionário público estatutário - com carteira de trabalho assinada","Public sector, non-statutory, with signed card",3,False,1630.0,1.58,jun-jul-ago 2026,partial,,1687.0,"IBGE SIDRA t6320 v4090 c11913 (PNADC mensal, trimestre movel; released 2026-09-29)"
2026,31729,"Empregado no setor público, exclusive militar e funcionário público estatutário - sem carteira de trabalho assinada","Public sector, non-statutory, without signed card",3,False,3521.0,3.4,jun-jul-ago 2026,partial,,3313.0,"IBGE SIDRA t6320 v4090 c11913 (PNADC mensal, trimestre movel; released 2026-09-29)"
2026,31730,Empregado no setor público - militar e funcionário público estatutário,"Public sector, military & statutory civil servants",3,False,7883.0,7.62,jun-jul-ago 2026,partial,,7850.0,"IBGE SIDRA t6320 v4090 c11913 (PNADC mensal, trimestre movel; released 2026-09-29)"
2026,96170,Empregador,Employers,1,True,4434.0,4.29,jun-jul-ago 2026,partial,,4194.0,"IBGE SIDRA t6320 v4090 c11913 (PNADC mensal, trimestre movel; released 2026-09-29)"
2026,45934,Empregador com CNPJ,Employers with CNPJ,2,False,3626.0,3.5,jun-jul-ago 2026,partial,,3394.0,"IBGE SIDRA t6320 v4090 c11913 (PNADC mensal, trimestre movel; released 2026-09-29)"
2026,45935,Empregador sem CNPJ,Employers without CNPJ,2,False,807.0,0.78,jun-jul-ago 2026,partial,,801.0,"IBGE SIDRA t6320 v4090 c11913 (PNADC mensal, trimestre movel; released 2026-09-29)"
2026,96171,Conta própria,Own-account (self-employed),1,True,26111.0,25.23,jun-jul-ago 2026,partial,,25933.0,"IBGE SIDRA t6320 v4090 c11913 (PNADC mensal, trimestre movel; released 2026-09-29)"
2026,45936,Conta própria com CNPJ,Own-account with CNPJ,2,False,7259.0,7.02,jun-jul-ago 2026,partial,,6823.0,"IBGE SIDRA t6320 v4090 c11913 (PNADC mensal, trimestre movel; released 2026-09-29)"
2026,45937,Conta própria sem CNPJ,Own-account without CNPJ,2,False,18852.0,18.22,jun-jul-ago 2026,partial,,19110.0,"IBGE SIDRA t6320 v4090 c11913 (PNADC mensal, trimestre movel; released 2026-09-29)"
2026,31731,Trabalhador familiar auxiliar,Contributing family worker,1,True,1306.0,1.26,jun-jul-ago 2026,partial,,1259.0,"IBGE SIDRA t6320 v4090 c11913 (PNADC mensal, trimestre movel; released 2026-09-29)"
