year,indicator,result_pct_gdp,nfsp_raw_pct_gdp,sgs_code,period_label,type
2010,primario,2.62,-2.62,5793,2010,observed
2010,nominal,-2.41,2.41,5727,2010,observed
2010,juros_nominais,-5.03,5.03,5760,2010,observed
2011,primario,2.94,-2.94,5793,2011,observed
2011,nominal,-2.47,2.47,5727,2011,observed
2011,juros_nominais,-5.41,5.41,5760,2011,observed
2012,primario,2.18,-2.18,5793,2012,observed
2012,nominal,-2.26,2.26,5727,2012,observed
2012,juros_nominais,-4.44,4.44,5760,2012,observed
2013,primario,1.71,-1.71,5793,2013,observed
2013,nominal,-2.96,2.96,5727,2013,observed
2013,juros_nominais,-4.67,4.67,5760,2013,observed
2014,primario,-0.56,0.56,5793,2014,observed
2014,nominal,-5.95,5.95,5727,2014,observed
2014,juros_nominais,-5.39,5.39,5760,2014,observed
2015,primario,-1.86,1.86,5793,2015,observed
2015,nominal,-10.22,10.22,5727,2015,observed
2015,juros_nominais,-8.37,8.37,5760,2015,observed
2016,primario,-2.48,2.48,5793,2016,observed
2016,nominal,-8.98,8.98,5727,2016,observed
2016,juros_nominais,-6.49,6.49,5760,2016,observed
2017,primario,-1.68,1.68,5793,2017,observed
2017,nominal,-7.77,7.77,5727,2017,observed
2017,juros_nominais,-6.09,6.09,5760,2017,observed
2018,primario,-1.55,1.55,5793,2018,observed
2018,nominal,-6.96,6.96,5727,2018,observed
2018,juros_nominais,-5.41,5.41,5760,2018,observed
2019,primario,-0.84,0.84,5793,2019,observed
2019,nominal,-5.81,5.81,5727,2019,observed
2019,juros_nominais,-4.97,4.97,5760,2019,observed
2020,primario,-9.24,9.24,5793,2020,observed
2020,nominal,-13.34,13.34,5727,2020,observed
2020,juros_nominais,-4.11,4.11,5760,2020,observed
2021,primario,0.72,-0.72,5793,2021,observed
2021,nominal,-4.26,4.26,5727,2021,observed
2021,juros_nominais,-4.98,4.98,5760,2021,observed
2022,primario,1.25,-1.25,5793,2022,observed
2022,nominal,-4.57,4.57,5727,2022,observed
2022,juros_nominais,-5.82,5.82,5760,2022,observed
2023,primario,-2.28,2.28,5793,2023,observed
2023,nominal,-8.84,8.84,5727,2023,observed
2023,juros_nominais,-6.56,6.56,5760,2023,observed
2024,primario,-0.4,0.4,5793,2024,observed
2024,nominal,-8.47,8.47,5727,2024,observed
2024,juros_nominais,-8.07,8.07,5760,2024,observed
2025,primario,-0.43,0.43,5793,2025,observed
2025,nominal,-8.34,8.34,5727,2025,observed
2025,juros_nominais,-7.91,7.91,5760,2025,observed
2026,primario,-0.62,0.62,5793,12 meses a ago-2026,partial
2026,nominal,-9.48,9.48,5727,12 meses a ago-2026,partial
2026,juros_nominais,-8.86,8.86,5760,12 meses a ago-2026,partial
