year,value_pct,type,source,note
2010,7.5,observed,"IBGE, Contas Nacionais Trimestrais, SIDRA tabela 5932, v6563 (taxa acumulada ao longo do ano), 4o trimestre, c11255=90707 (PIB a precos de mercado)",FMI WEO abr/2026 = 7.5 (igual)
2011,4.0,observed,"IBGE, Contas Nacionais Trimestrais, SIDRA tabela 5932, v6563 (taxa acumulada ao longo do ano), 4o trimestre, c11255=90707 (PIB a precos de mercado)",FMI WEO abr/2026 = 4 (igual)
2012,1.9,observed,"IBGE, Contas Nacionais Trimestrais, SIDRA tabela 5932, v6563 (taxa acumulada ao longo do ano), 4o trimestre, c11255=90707 (PIB a precos de mercado)",FMI WEO abr/2026 = 1.9 (igual)
2013,3.0,observed,"IBGE, Contas Nacionais Trimestrais, SIDRA tabela 5932, v6563 (taxa acumulada ao longo do ano), 4o trimestre, c11255=90707 (PIB a precos de mercado)",FMI WEO abr/2026 = 3 (igual)
2014,0.5,observed,"IBGE, Contas Nacionais Trimestrais, SIDRA tabela 5932, v6563 (taxa acumulada ao longo do ano), 4o trimestre, c11255=90707 (PIB a precos de mercado)",FMI WEO abr/2026 = 0.5 (igual)
2015,-3.5,observed,"IBGE, Contas Nacionais Trimestrais, SIDRA tabela 5932, v6563 (taxa acumulada ao longo do ano), 4o trimestre, c11255=90707 (PIB a precos de mercado)",FMI WEO abr/2026 = -3.5 (igual)
2016,-3.3,observed,"IBGE, Contas Nacionais Trimestrais, SIDRA tabela 5932, v6563 (taxa acumulada ao longo do ano), 4o trimestre, c11255=90707 (PIB a precos de mercado)",FMI WEO abr/2026 = -3.3 (igual)
2017,1.3,observed,"IBGE, Contas Nacionais Trimestrais, SIDRA tabela 5932, v6563 (taxa acumulada ao longo do ano), 4o trimestre, c11255=90707 (PIB a precos de mercado)",FMI WEO abr/2026 = 1.3 (igual)
2018,1.8,observed,"IBGE, Contas Nacionais Trimestrais, SIDRA tabela 5932, v6563 (taxa acumulada ao longo do ano), 4o trimestre, c11255=90707 (PIB a precos de mercado)",SCN anual (SIDRA 6784 v9810) = 1.7; FMI WEO abr/2026 = 1.8 (igual)
2019,1.2,observed,"IBGE, Contas Nacionais Trimestrais, SIDRA tabela 5932, v6563 (taxa acumulada ao longo do ano), 4o trimestre, c11255=90707 (PIB a precos de mercado)",SCN anual (SIDRA 6784 v9810) = 1.3; FMI WEO abr/2026 = 1.2 (igual)
2020,-3.3,observed,"IBGE, Contas Nacionais Trimestrais, SIDRA tabela 5932, v6563 (taxa acumulada ao longo do ano), 4o trimestre, c11255=90707 (PIB a precos de mercado)",FMI WEO abr/2026 = -3.3 (igual)
2021,4.8,observed,"IBGE, Contas Nacionais Trimestrais, SIDRA tabela 5932, v6563 (taxa acumulada ao longo do ano), 4o trimestre, c11255=90707 (PIB a precos de mercado)",FMI WEO abr/2026 = 4.8 (igual)
2022,3.0,observed,"IBGE, Contas Nacionais Trimestrais, SIDRA tabela 5932, v6563 (taxa acumulada ao longo do ano), 4o trimestre, c11255=90707 (PIB a precos de mercado)",FMI WEO abr/2026 = 3 (igual)
2023,3.2,observed,"IBGE, Contas Nacionais Trimestrais, SIDRA tabela 5932, v6563 (taxa acumulada ao longo do ano), 4o trimestre, c11255=90707 (PIB a precos de mercado)",FMI WEO abr/2026 = 3.2 (igual)
2024,3.4,observed,"IBGE, Contas Nacionais Trimestrais, SIDRA tabela 5932, v6563 (taxa acumulada ao longo do ano), 4o trimestre, c11255=90707 (PIB a precos de mercado)",FMI WEO abr/2026 = 3.4 (igual)
2025,2.3,observed,"IBGE, Contas Nacionais Trimestrais, SIDRA tabela 5932, v6563 (taxa acumulada ao longo do ano), 4o trimestre, c11255=90707 (PIB a precos de mercado)",FMI WEO abr/2026 = 2.3 (igual)
2026,1.9,partial,"IBGE, Contas Nacionais Trimestrais, SIDRA tabela 5932, v6563 (taxa acumulada ao longo do ano), 2o trimestre de 2026, c11255=90707 (PIB a precos de mercado)",1o semestre 2026 vs 1o sem. 2025 (divulgado 01/09/2026). 2o tri 2026 vs 2o tri 2025 = 2.0%; 1o tri 2026 vs 1o tri 2025 = 1.8%; acumulado 4 trimestres ate 2o tri 2026 = 1.9%; 2o tri vs 1o tri (dessaz.) = 0.5%
2026,1.86,projection,"BCB, Focus - Relatorio de Mercado de 25/09/2026 (API Olinda ExpectativasMercadoAnuais, Indicador='PIB Total', DataReferencia=2026, baseCalculo=0)","Mediana do mercado (106 respondentes, 30 dias); valor exato API 1.8603. Ha 4 semanas (28/08/2026): 1.92. BCB RPM set/2026: 1.8; FMI WEO Update jul/2026: 2.4"
