period_code,year,quarter,period_label,rate_pct,source
201504,2015,T4,2015-T4 (out-nov-dez),38.3,IBGE SIDRA t8529 v12466 (PNADC trimestral)
201601,2016,T1,2016-T1 (jan-fev-mar),38.3,IBGE SIDRA t8529 v12466 (PNADC trimestral)
201602,2016,T2,2016-T2 (abr-mai-jun),38.7,IBGE SIDRA t8529 v12466 (PNADC trimestral)
201603,2016,T3,2016-T3 (jul-ago-set),38.4,IBGE SIDRA t8529 v12466 (PNADC trimestral)
201604,2016,T4,2016-T4 (out-nov-dez),39.1,IBGE SIDRA t8529 v12466 (PNADC trimestral)
201701,2017,T1,2017-T1 (jan-fev-mar),39.3,IBGE SIDRA t8529 v12466 (PNADC trimestral)
201702,2017,T2,2017-T2 (abr-mai-jun),39.8,IBGE SIDRA t8529 v12466 (PNADC trimestral)
201703,2017,T3,2017-T3 (jul-ago-set),40.2,IBGE SIDRA t8529 v12466 (PNADC trimestral)
201704,2017,T4,2017-T4 (out-nov-dez),40.3,IBGE SIDRA t8529 v12466 (PNADC trimestral)
201801,2018,T1,2018-T1 (jan-fev-mar),40.2,IBGE SIDRA t8529 v12466 (PNADC trimestral)
201802,2018,T2,2018-T2 (abr-mai-jun),40.3,IBGE SIDRA t8529 v12466 (PNADC trimestral)
201803,2018,T3,2018-T3 (jul-ago-set),40.7,IBGE SIDRA t8529 v12466 (PNADC trimestral)
201804,2018,T4,2018-T4 (out-nov-dez),40.8,IBGE SIDRA t8529 v12466 (PNADC trimestral)
201901,2019,T1,2019-T1 (jan-fev-mar),40.5,IBGE SIDRA t8529 v12466 (PNADC trimestral)
201902,2019,T2,2019-T2 (abr-mai-jun),40.9,IBGE SIDRA t8529 v12466 (PNADC trimestral)
201903,2019,T3,2019-T3 (jul-ago-set),41.0,IBGE SIDRA t8529 v12466 (PNADC trimestral)
201904,2019,T4,2019-T4 (out-nov-dez),40.7,IBGE SIDRA t8529 v12466 (PNADC trimestral)
202001,2020,T1,2020-T1 (jan-fev-mar),39.6,IBGE SIDRA t8529 v12466 (PNADC trimestral)
202002,2020,T2,2020-T2 (abr-mai-jun),36.6,IBGE SIDRA t8529 v12466 (PNADC trimestral)
202003,2020,T3,2020-T3 (jul-ago-set),38.1,IBGE SIDRA t8529 v12466 (PNADC trimestral)
202004,2020,T4,2020-T4 (out-nov-dez),39.1,IBGE SIDRA t8529 v12466 (PNADC trimestral)
202101,2021,T1,2021-T1 (jan-fev-mar),39.2,IBGE SIDRA t8529 v12466 (PNADC trimestral)
202102,2021,T2,2021-T2 (abr-mai-jun),40.1,IBGE SIDRA t8529 v12466 (PNADC trimestral)
202103,2021,T3,2021-T3 (jul-ago-set),40.7,IBGE SIDRA t8529 v12466 (PNADC trimestral)
202104,2021,T4,2021-T4 (out-nov-dez),40.8,IBGE SIDRA t8529 v12466 (PNADC trimestral)
202201,2022,T1,2022-T1 (jan-fev-mar),40.2,IBGE SIDRA t8529 v12466 (PNADC trimestral)
202202,2022,T2,2022-T2 (abr-mai-jun),40.0,IBGE SIDRA t8529 v12466 (PNADC trimestral)
202203,2022,T3,2022-T3 (jul-ago-set),39.5,IBGE SIDRA t8529 v12466 (PNADC trimestral)
202204,2022,T4,2022-T4 (out-nov-dez),38.9,IBGE SIDRA t8529 v12466 (PNADC trimestral)
202301,2023,T1,2023-T1 (jan-fev-mar),39.0,IBGE SIDRA t8529 v12466 (PNADC trimestral)
202302,2023,T2,2023-T2 (abr-mai-jun),39.2,IBGE SIDRA t8529 v12466 (PNADC trimestral)
202303,2023,T3,2023-T3 (jul-ago-set),39.1,IBGE SIDRA t8529 v12466 (PNADC trimestral)
202304,2023,T4,2023-T4 (out-nov-dez),39.2,IBGE SIDRA t8529 v12466 (PNADC trimestral)
202401,2024,T1,2024-T1 (jan-fev-mar),38.9,IBGE SIDRA t8529 v12466 (PNADC trimestral)
202402,2024,T2,2024-T2 (abr-mai-jun),38.7,IBGE SIDRA t8529 v12466 (PNADC trimestral)
202403,2024,T3,2024-T3 (jul-ago-set),38.8,IBGE SIDRA t8529 v12466 (PNADC trimestral)
202404,2024,T4,2024-T4 (out-nov-dez),38.6,IBGE SIDRA t8529 v12466 (PNADC trimestral)
202501,2025,T1,2025-T1 (jan-fev-mar),38.0,IBGE SIDRA t8529 v12466 (PNADC trimestral)
202502,2025,T2,2025-T2 (abr-mai-jun),37.8,IBGE SIDRA t8529 v12466 (PNADC trimestral)
202503,2025,T3,2025-T3 (jul-ago-set),37.8,IBGE SIDRA t8529 v12466 (PNADC trimestral)
202504,2025,T4,2025-T4 (out-nov-dez),37.6,IBGE SIDRA t8529 v12466 (PNADC trimestral)
202601,2026,T1,2026-T1 (jan-fev-mar),37.3,IBGE SIDRA t8529 v12466 (PNADC trimestral)
202602,2026,T2,2026-T2 (abr-mai-jun),37.4,IBGE SIDRA t8529 v12466 (PNADC trimestral)
