pollster,field_start,field_end,publication_date,sample_size,method,lula,flavio,blank_null,undecided,source_url,pollster_label,tse_registration,blank_null_undecided,verification
Quaest,2026-10-02,2026-10-03,2026-10-03,3702,presencial,42.0,44.0,13.0,1.0,https://www.band.com.br/politica/eleicoes/lula-tem-46-dos-votos-validos-e-flavio-45-aponta-ultima-quaest-do-1o-turno,Genial/Quaest,BR-02197/2026,14.0,"manual: source text (Band; Gazeta do Povo text; Exame): Flávio 44, Lula 42 (Gazeta do Povo list swaps the two labels, its text agrees with Band); TSE match exact (BR-02197/2026)"
Datafolha,2026-10-03,2026-10-03,2026-10-03,4006,presencial,47.0,46.0,6.0,2.0,https://ndmais.com.br/politica/pesquisa-datafolha-lula-lidera-com-45-e-flavio-tem-42-dos-votos-validos/,Datafolha,BR-01708/2026,8.0,"manual: source text (ND+ list ""47% (eram 48%)""; Exame; Gazeta do Povo); TSE match exact (BR-01708/2026, 3 Oct, n=4,006)"
Futura,2026-10-02,2026-10-03,2026-10-03,2000,telefone,45.1,48.0,5.7,1.2,https://www.cnnbrasil.com.br/eleicoes/futura-flavio-tem-48-das-intencoes-de-voto-no-2o-turno-lula-451/,Apex/Futura,BR-02431/2026,6.9,manual: source text (CNN Brasil) and pollster report; field 2-3 Oct per report and CNN (TSE registration says 29 Sep-3 Oct)
MDA,2026-09-30,2026-10-02,2026-10-03,2007,presencial,47.3,43.1,7.6,1.9,https://exame.com/brasil/pesquisa-cnt-mda-para-presidente-lula-tem-478-e-flavio-421-dos-votos-validos-no-1o-turno/,CNT/MDA,BR-04756/2026,9.8,"Lula/Flávio figures found in fetched source text; blank/null & undecided from source; TSE match approx (TSE 2026-09-29..2026-10-02, n=2002)"
PoderData,2026-09-30,2026-10-02,2026-10-03,4000,telefone,46.0,46.0,,,https://www.poder360.com.br/poderdata/lula-e-flavio-tem-46-cada-um-no-2o-turno-diz-poderdata-aya/,PoderData/Aya,BR-03519/2026,8.0,"Lula/Flávio figures found in fetched source text; TSE match approx (TSE 2026-09-30..2026-10-02, n=4000)"
Datafolha,2026-09-28,2026-10-01,2026-10-01,2506,presencial,48.0,45.0,6.0,1.0,https://www.gazetadopovo.com.br/eleicoes/2026/pesquisa-eleitoral-2026/datafolha-presidente-outubro-2026-2/,Datafolha,BR-08039/2026,7.0,"manual: source text (Gazeta do Povo / Folha); pt.wikipedia 2nd-round table had sample 2,002 (TSE BR-08039/2026: 2,506); Lula/Flávio figures found in fetched source text; blank/null & undecided from source; TSE match approx (TSE 2026-09-28..2026-10-01, n=2506)"
Real Time Big Data,2026-09-26,2026-09-30,2026-10-01,2000,telefone+online,45.0,46.0,5.0,4.0,https://veja.abril.com.br/politica/como-esta-a-disputa-lula-x-flavio-bolsonaro-a-tres-dias-da-eleicao-segundo-nova-pesquisa/,Real Time Big Data,BR-09503/2026,9.0,Lula/Flávio figures found in fetched source text; blank/null & undecided from source
Futura,2026-09-25,2026-09-29,2026-09-30,2000,telefone,43.5,49.0,,,https://admin.cnnbrasil.com.br/wp-content/uploads/sites/12/2026/09/Relatorio_BR_Setembro_4_1a28dc.pdf,Apex/Futura,BR-01122/2026,7.5,"Lula/Flávio figures found in fetched source text; TSE match approx (TSE 2026-09-24..2026-09-29, n=2000)"
AtlasIntel,2026-09-23,2026-09-28,2026-09-29,5005,online,47.6,47.7,,,https://www.poder360.com.br/poder-eleicoes-2026/flavio-tem-477-e-lula-476-no-2o-turno-diz-atlasintel/,AtlasIntel,BR-04391/2026,4.8,"Lula/Flávio figures found in fetched source text; source reports blank/null/undecided only combined; TSE match approx (TSE 2026-09-23..2026-09-28, n=5000)"
Ideia,2026-09-25,2026-09-28,2026-09-30,2000,telefone,48.5,48.0,,,https://noticias.uol.com.br/eleicoes/2026/09/30/meioideia-pesquisa-setembro.ghtm,Meio/Ideia,BR-08706/2026,3.6,figures not found in fetched source text (pt.wikipedia value; en.wikipedia: match)
Nexus,2026-09-25,2026-09-27,2026-09-28,2000,telefone,46.0,44.0,,,https://www.poder360.com.br/poder-eleicoes-2026/lula-tem-46-contra-44-de-flavio-no-2o-turno-diz-btg-nexus/,BTG/Nexus,BR-07557/2026,9.0,Lula/Flávio figures found in fetched source text
Quaest,2026-09-24,2026-09-27,2026-09-28,2004,presencial,42.0,42.0,13.0,3.0,https://g1.globo.com/google/amp/politica/eleicoes/2026/noticia/2026/09/28/quaest-presidente-1o-turno-28-setembro.ghtml,Genial/Quaest,BR-06520/2026,16.0,Lula/Flávio figures found in fetched source text; blank/null & undecided from source
Datafolha,2026-09-22,2026-09-24,2026-09-24,2002,presencial,47.0,45.0,7.0,1.0,https://g1.globo.com/politica/eleicoes/2026/pesquisa-eleitoral/noticia/2026/09/24/datafolha-presidente-24-setembro.ghtml,Datafolha,BR-00304/2026,8.0,Lula/Flávio figures found in fetched source text; blank/null & undecided from source
Futura,2026-09-19,2026-09-23,2026-09-24,2000,telefone,43.7,49.4,5.6,1.3,https://www.cnnbrasil.com.br/eleicoes/futura-flavio-tem-494-no-2o-turno-lula-437/,Apex/Futura,BR-05268/2026,6.9,"manual: source text (CNN Brasil); pt.wikipedia combined value 11.2 corrected to 6.9; Lula/Flávio figures found in fetched source text; blank/null & undecided from source; TSE match approx (TSE 2026-09-18..2026-09-24, n=2000)"
PoderData,2026-09-20,2026-09-23,2026-09-24,3000,telefone,45.0,46.0,,,https://www.poder360.com.br/poderdata/flavio-tem-46-e-lula-45-no-2o-turno-diz-poderdata-aya/,PoderData/Aya,BR-01739/2026,9.0,"Lula/Flávio figures found in fetched source text; TSE match approx (TSE 2026-09-20..2026-09-23, n=3000)"
Real Time Big Data,2026-09-19,2026-09-23,2026-09-24,2000,telefone+online,44.0,45.0,8.0,3.0,https://www.gazetadopovo.com.br/eleicoes/2026/pesquisa-eleitoral-2026/real-time-big-data-presidente-setembro-2026-2/,Real Time Big Data,BR-04202/2026,11.0,Lula/Flávio figures found in fetched source text; blank/null & undecided from source
AtlasIntel,2026-09-17,2026-09-22,2026-09-23,5015,online,47.7,47.4,,,https://www.gazetadopovo.com.br/eleicoes/2026/pesquisa-eleitoral-2026/atlasintel-presidente-setembro-2026-3/,AtlasIntel,BR-04739/2026,4.9,"Lula/Flávio figures found in fetched source text; source reports blank/null/undecided only combined; TSE match approx (TSE 2026-09-17..2026-09-22, n=5000)"
Nexus,2026-09-18,2026-09-20,2026-09-21,2000,telefone,46.0,45.0,,,https://noticias.uol.com.br/eleicoes/2026/09/21/btgnexus-pesquisa-presidencial-de-setembro.ghtm,BTG/Nexus,BR-00485/2026,8.0,"figures not found in fetched source text (pt.wikipedia value; en.wikipedia: match; sample pt=2000 en=2,006)"
Quaest,2026-09-17,2026-09-20,2026-09-21,2004,presencial,41.0,42.0,14.0,3.0,https://g1.globo.com/politica/eleicoes/2026/pesquisa-eleitoral/noticia/2026/09/21/quaest-presidente-2o-turno-21-setembro.ghtml,Genial/Quaest,BR-06004/2026,17.0,Lula/Flávio figures found in fetched source text; blank/null & undecided from source
AtlasIntel,2026-09-11,2026-09-16,2026-09-17,5018,online,46.8,47.2,,,https://noticias.uol.com.br/eleicoes/2026/09/17/atlasbloomberg-lula-e-flavio-aparecem-tecnicamente-empatados-no-2-turno.ghtm,AtlasIntel,BR-06221/2026,6.0,"Lula/Flávio figures found in fetched source text; TSE match approx (TSE 2026-09-11..2026-09-16, n=5000)"
Datafolha,2026-09-15,2026-09-16,2026-09-17,2002,presencial,46.0,44.0,8.0,1.0,https://g1.globo.com/politica/eleicoes/2026/pesquisa-eleitoral/noticia/2026/09/17/datafolha-presidente-17-setembro.ghtml,Datafolha,BR-04029/2026,9.0,"Lula/Flávio figures found in fetched source text; blank/null & undecided from source; TSE match approx (TSE 2026-09-15..2026-09-17, n=2002)"
PoderData,2026-09-13,2026-09-16,2026-09-17,3000,telefone,44.0,46.0,,,https://www.poder360.com.br/poderdata/flavio-tem-46-e-lula-44-no-2o-turno-diz-poderdata-aya/,PoderData/Aya,BR-00360/2026,10.0,"Lula/Flávio figures found in fetched source text; TSE match approx (TSE 2026-09-13..2026-09-16, n=3000)"
Futura,2026-09-11,2026-09-15,2026-09-17,2000,telefone,43.7,48.1,,,https://www.poder360.com.br/poder-eleicoes-2026/flavio-tem-481-contra-437-de-lula-no-2o-turno-diz-pesquisa/,Apex/Futura,BR-00749/2026,8.2,"Lula/Flávio figures found in fetched source text; TSE match approx (TSE 2026-09-11..2026-09-17, n=2000)"
MDA,2026-09-09,2026-09-13,2026-09-15,2002,presencial,47.3,40.0,10.2,2.5,https://www.cartacapital.com.br/politica/cnt-mda-lula-venceria-qualquer-adversario-em-2o-turno-incluindo-flavio-bolsonaro/,CNT/MDA,BR-06902/2026,12.7,Lula/Flávio figures found in fetched source text; blank/null & undecided from source
Nexus,2026-09-11,2026-09-13,2026-09-14,2003,telefone,47.0,46.0,6.0,1.0,https://www.poder360.com.br/poder-eleicoes-2026/lula-tem-47-contra-46-de-flavio-no-2o-turno-mostra-btg-nexus/,BTG/Nexus,BR-04076/2026,7.0,"Lula/Flávio figures found in fetched source text; TSE match approx (TSE 2026-09-11..2026-09-13, n=2000)"
Quaest,2026-09-10,2026-09-13,2026-09-14,2004,presencial,40.0,42.0,13.0,5.0,https://g1.globo.com/politica/eleicoes/2026/pesquisa-eleitoral/noticia/2026/09/14/quaest-pesquisa-presidente-primeiro-turno-14-setembro.ghtml,Genial/Quaest,BR-03607/2026,18.0,Lula/Flávio figures found in fetched source text; blank/null & undecided from source
Datafolha,2026-09-08,2026-09-11,2026-09-11,2002,presencial,46.0,44.0,8.0,1.0,https://g1.globo.com/politica/eleicoes/2026/pesquisa-eleitoral/noticia/2026/09/11/datafolha-2o-turno-presidente-11-setembro.ghtml,Datafolha,BR-01833/2026,10.0,Lula/Flávio figures found in fetched source text; blank/null & undecided from source
Futura,2026-09-04,2026-09-10,2026-09-10,2000,telefone,45.0,45.4,,,https://www.poder360.com.br/poder-eleicoes-2026/flavio-tem-454-contra-45-de-lula-no-2o-turno-diz-pesquisa/,Apex/Futura,BR-02322/2026,9.6,"Lula/Flávio figures found in fetched source text; TSE match approx (TSE 2026-09-04..2026-09-09, n=2000)"
AtlasIntel,2026-09-04,2026-09-09,2026-09-10,5000,online,46.2,46.4,,,https://www.poder360.com.br/poder-eleicoes-2026/flavio-tem-464-e-lula-462-no-2o-turno-diz-atlasintel/,AtlasIntel,BR-01452/2026,7.4,Lula/Flávio figures found in fetched source text; source reports blank/null/undecided only combined
PoderData,2026-09-06,2026-09-09,2026-09-10,3000,telefone,45.0,47.0,,,https://www.poder360.com.br/poderdata/poderdata-aya-lula-tem-38-contra-36-de-flavio-no-1o-turno/,PoderData/Aya,BR-04914/2026,8.0,"Lula/Flávio figures found in fetched source text; TSE match approx (TSE 2026-09-06..2026-09-09, n=3000)"
Ideia,2026-09-04,2026-09-07,2026-09-09,1500,telefone,46.0,46.0,3.5,4.5,https://www.poder360.com.br/poder-eleicoes-2026/lula-e-flavio-empatam-em-2o-turno-diz-pesquisa-meio-ideia/,Meio/Ideia,BR-07935/2026,8.0,Lula/Flávio figures found in fetched source text; blank/null & undecided from source
Nexus,2026-09-04,2026-09-07,2026-09-08,2002,telefone,45.0,46.0,,,https://noticias.uol.com.br/eleicoes/2026/09/08/btg-nexus-presidencial-8-de-setembro.ghtm,BTG/Nexus,BR-06790/2026,9.0,"Lula/Flávio figures found in fetched source text; TSE match approx (TSE 2026-09-04..2026-09-07, n=2000)"
Quaest,2026-09-03,2026-09-06,2026-09-07,2004,presencial,41.0,41.0,,,https://www.cnnbrasil.com.br/eleicoes/quaest-segundo-turno-setembro/,Genial/Quaest,BR-01720/2026,18.0,Lula/Flávio figures found in fetched source text
Datafolha,2026-09-01,2026-09-02,2026-09-03,2002,presencial,46.0,44.0,9.0,2.0,https://g1.globo.com/politica/eleicoes/2026/pesquisa-eleitoral/noticia/2026/09/03/datafolha-2o-turno-presidente-3-setembro.ghtml,Datafolha,BR-03669/2026,10.0,"Lula/Flávio figures found in fetched source text; blank/null & undecided from source; TSE match approx (TSE 2026-09-01..2026-09-03, n=2002)"
PoderData,2026-08-30,2026-09-02,2026-09-03,3000,telefone,44.0,45.0,,,https://www.poder360.com.br/poderdata/flavio-tem-45-e-lula-registra-44-no-2o-turno-diz-poderdata-aya/,PoderData/Aya,BR-07561/2026,11.0,"manual: source text (Poder360: ""Flávio registra 45% ... contra 44% de Lula""); pt.wikipedia had Lula 45 / Flávio 46; en.wikipedia 44/45 agrees with source; TSE match approx (TSE 2026-08-30..2026-09-02, n=3000)"
Futura,2026-08-27,2026-09-01,2026-09-03,2000,telefone,45.6,45.2,7.2,2.0,https://noticias.uol.com.br/eleicoes/2026/09/03/futuraapex-pesquisa-presidente-primeiro-segundo-turno.ghtm,Apex/Futura,BR-02793/2026,9.2,"Lula/Flávio figures found in fetched source text; TSE match approx (TSE 2026-08-28..2026-09-01, n=2000)"
Quaest,2026-08-30,2026-09-01,2026-09-02,2004,presencial,42.0,41.0,13.0,4.0,https://www.gazetadopovo.com.br/eleicoes/2026/pesquisa-eleitoral-2026/quaest-presidente-setembro-2026/,Genial/Quaest,BR-07065/2026,17.0,Lula/Flávio figures found in fetched source text; blank/null & undecided from source
Real Time Big Data,2026-08-27,2026-08-31,2026-09-01,2000,telefone+online,44.0,44.0,9.0,3.0,https://www.cartacapital.com.br/politica/lula-e-flavio-bolsonaro-empatam-no-2o-turno-mostra-real-time-big-data/,Real Time Big Data,BR-03490/2026,12.0,Lula/Flávio figures found in fetched source text; blank/null & undecided from source
AtlasIntel,2026-08-25,2026-08-30,2026-08-31,5014,online,47.1,42.6,,,https://www.poder360.com.br/poder-eleicoes-2026/lula-tem-471-contra-426-de-flavio-no-2o-turno-diz-pesquisa/,AtlasIntel,BR-07972/2026,10.3,"Lula/Flávio figures found in fetched source text; source reports blank/null/undecided only combined; TSE match approx (TSE 2026-08-25..2026-08-30, n=5000)"
Nexus,2026-08-28,2026-08-30,2026-08-31,2005,telefone,46.0,45.0,,,https://www.poder360.com.br/poder-eleicoes-2026/lula-tem-46-ante-45-de-flavio-no-2o-turno-diz-btg-nexus/,BTG/Nexus,BR-08900/2026,9.0,"Lula/Flávio figures found in fetched source text; TSE match approx (TSE 2026-08-28..2026-08-30, n=2000)"
PoderData,2026-08-23,2026-08-26,2026-08-27,2400,telefone,45.0,44.0,,,https://www.poder360.com.br/poderdata/poderdata-aya-lula-tem-38-contra-35-de-flavio-no-1o-turno/,PoderData/Aya,BR-04974/2026,11.0,"Lula/Flávio figures found in fetched source text; TSE match approx (TSE 2026-08-23..2026-08-26, n=2400)"
Nexus,2026-08-21,2026-08-23,2026-08-24,2006,telefone,46.0,45.0,,,https://www.poder360.com.br/poder-eleicoes-2026/lula-tem-46-contra-45-de-flavio-no-2o-turno-diz-btg-nexus/,BTG/Nexus,BR-09028/2026,9.0,"Lula/Flávio figures found in fetched source text; TSE match approx (TSE 2026-08-21..2026-08-23, n=2000)"
Datafolha,2026-08-18,2026-08-20,2026-08-21,2058,presencial,47.0,43.0,9.0,2.0,https://g1.globo.com/politica/eleicoes/2026/pesquisa-eleitoral/noticia/2026/08/21/datafolha-segundo-turno-21-agosto.ghtml,Datafolha,BR-04496/2026,11.0,Lula/Flávio figures found in fetched source text; blank/null & undecided from source
Nexus,2026-08-14,2026-08-16,2026-08-17,2003,telefone,47.0,44.0,,,https://noticias.uol.com.br/eleicoes/2026/08/17/btgnexus-pesquisa-presidencial.ghtm,BTG/Nexus,BR-03317/2026,9.0,"Lula/Flávio figures found in fetched source text; TSE match approx (TSE 2026-08-14..2026-08-16, n=2000)"
Quaest,2026-08-10,2026-08-13,2026-08-14,2004,presencial,43.0,40.0,13.0,4.0,https://g1.globo.com/politica/eleicoes/2026/pesquisa-eleitoral/noticia/2026/08/14/quaest-presidente-1o-turno-14-agosto.ghtml,Genial/Quaest,BR-06773/2026,17.0,Lula/Flávio figures found in fetched source text; blank/null & undecided from source
PoderData,2026-08-09,2026-08-12,2026-08-13,2400,telefone,46.0,45.0,,,https://www.poder360.com.br/poderdata/lula-tem-46-contra-45-de-flavio-no-2o-turno-diz-poderdata-aya/,PoderData/Aya,BR-06868/2026,9.0,"Lula/Flávio figures found in fetched source text; TSE match approx (TSE 2026-08-09..2026-08-12, n=2400)"
MDA,2026-08-05,2026-08-09,2026-08-11,2002,presencial,48.0,39.1,10.6,2.3,https://admin.cnnbrasil.com.br/wp-content/uploads/sites/12/2026/08/Relatorio-Pesquisa-CNT-de-Opiniao-R169-AGOSTO26_7486.pdf,CNT/MDA,BR-06935/2026,12.9,Lula/Flávio figures found in fetched source text
Nexus,2026-08-07,2026-08-09,2026-08-10,2001,telefone,47.0,44.0,8.0,1.0,https://www.gazetadopovo.com.br/eleicoes/2026/pesquisa-eleitoral-2026/nexus-btg-pactual-presidente-agosto-2026-2/,BTG/Nexus,BR-08428/2026,9.0,"Lula/Flávio figures found in fetched source text; blank/null & undecided from source; TSE match approx (TSE 2026-08-07..2026-08-09, n=2000)"
Futura,2026-08-03,2026-08-07,2026-08-11,2000,telefone,46.5,44.0,7.4,2.1,https://www.gazetadopovo.com.br/eleicoes/2026/pesquisa-eleitoral-2026/futura-inteligencia-presidente-agosto-2026/,Apex/Futura,BR-08109/2026,9.5,"Lula/Flávio figures found in fetched source text; blank/null & undecided from source; TSE match approx (TSE 2026-08-03..2026-08-06, n=2000)"
Ideia,2026-07-31,2026-08-03,2026-08-05,1500,telefone,48.5,43.0,4.0,4.5,https://www.gazetadopovo.com.br/eleicoes/2026/pesquisa-eleitoral-2026/meio-ideia-presidente-agosto-2026/,Meio/Ideia,BR-04579/2026,8.5,Lula/Flávio figures found in fetched source text; blank/null & undecided from source
Quaest,2026-07-31,2026-08-03,2026-08-05,2004,presencial,44.0,39.0,8.0,10.0,https://www.gazetadopovo.com.br/eleicoes/2026/pesquisa-eleitoral-2026/genial-quaest-presidente-agosto-2026/,Genial/Quaest,BR-06591/2026,17.0,Lula/Flávio figures found in fetched source text; blank/null & undecided from source
Nexus,2026-07-31,2026-08-02,2026-08-03,2002,telefone,46.0,45.0,8.0,2.0,https://www.gazetadopovo.com.br/eleicoes/2026/pesquisa-eleitoral-2026/nexus-btg-pactual-presidente-agosto-2026/,BTG/Nexus,BR-02874/2026,10.0,"Lula/Flávio figures found in fetched source text; blank/null & undecided from source; TSE match approx (TSE 2026-07-31..2026-08-02, n=2000)"
PoderData,2026-07-26,2026-07-28,2026-07-30,2400,telefone,46.0,43.0,9.0,2.0,https://www.gazetadopovo.com.br/eleicoes/2026/pesquisa-eleitoral-2026/poderdata-presidente-pesquisa-julho-2026/,PoderData/Aya,BR-07845/2026,11.0,"Lula/Flávio figures found in fetched source text; blank/null & undecided from source; TSE match approx (TSE 2026-07-26..2026-07-29, n=2400)"
AtlasIntel,2026-07-22,2026-07-27,2026-07-28,5021,online,49.2,42.9,,,https://www.gazetadopovo.com.br/eleicoes/2026/pesquisa-eleitoral-2026/atlasintel-presidente-julho-2026-2/,AtlasIntel,BR-08602/2026,7.9,"Lula/Flávio figures found in fetched source text; TSE match approx (TSE 2026-07-22..2026-07-27, n=5000)"
Nexus,2026-07-24,2026-07-26,2026-07-27,2004,telefone,47.0,43.0,9.0,1.0,https://www.gazetadopovo.com.br/eleicoes/2026/pesquisa-eleitoral-2026/nexus-btg-pactual-presidente-julho-2026-2/,BTG/Nexus,BR-01489/2026,10.0,"Lula/Flávio figures found in fetched source text; blank/null & undecided from source; TSE match approx (TSE 2026-07-24..2026-07-26, n=2000)"
Datafolha,2026-07-22,2026-07-24,2026-07-24,2004,presencial,48.0,43.0,9.0,1.0,https://g1.globo.com/politica/eleicoes/2026/pesquisa-eleitoral/noticia/2026/07/24/datafolha-2o-turno-lula-tem-48percent-e-flavio-bolsonaro-43percent.ghtml,Datafolha,BR-01166/2026,10.0,Lula/Flávio figures found in fetched source text; blank/null & undecided from source
Real Time Big Data,2026-07-18,2026-07-20,2026-07-21,2000,telefone+online,45.0,42.0,,,https://admin.cnnbrasil.com.br/wp-content/uploads/sites/12/2026/07/Real-Time-arquivo-comprimido.pdf,Real Time Big Data,BR-09247/2026,13.0,Lula/Flávio figures found in fetched source text; article quotes BR-05864/2026
PoderData,2026-07-12,2026-07-15,2026-07-16,2400,telefone,45.0,43.0,,,https://jovempan.com.br/politica/poderdata-aya-lula-marca-40-e-flavio-34-no-1o-turno-2o-tem-empate-tecnico/,PoderData/Aya,BR-00059/2026,12.0,"Lula/Flávio figures found in fetched source text; TSE match approx (TSE 2026-07-12..2026-07-15, n=2400)"
Quaest,2026-07-10,2026-07-13,2026-07-15,2004,presencial,45.0,37.0,15.0,4.0,https://www.poder360.com.br/poder-eleicoes/lula-tem-45-contra-37-de-flavio-no-2o-turno-diz-quaest/,Genial/Quaest,BR-07181/2026,18.0,Lula/Flávio figures found in fetched source text; blank/null & undecided from source
Nexus,2026-07-10,2026-07-12,2026-07-13,2003,telefone,47.0,44.0,8.0,1.0,https://www.gazetadopovo.com.br/eleicoes/2026/pesquisa-eleitoral-2026/nexus-btg-pactual-presidente-julho-2026/,BTG/Nexus,BR-07981/2026,9.0,"Lula/Flávio figures found in fetched source text; blank/null & undecided from source; TSE match approx (TSE 2026-07-10..2026-07-12, n=2000)"
Futura,2026-07-07,2026-07-11,2026-07-14,2000,telefone,46.3,46.1,6.5,1.1,https://www.poder360.com.br/poder-eleicoes/lula-e-flavio-empatam-no-2o-turno-diz-futura-apex/,Apex/Futura,BR-07294/2026,7.6,"manual: source text (Poder360: 46,3 x 46,1; branco/nulo 6,5; não soube 1,1)"
Ideia,2026-07-03,2026-07-06,2026-07-08,1500,telefone,45.0,40.0,,,https://www.poder360.com.br/poder-eleicoes/lula-e-flavio-estao-tecnicamente-empatados-no-2o-turno-diz-pesquisa/,Meio/Ideia,BR-05628/2026,15.0,"sample = 1,500 per Poder360 and TSE (BR-05628/2026); pt.wikipedia had 2,000; Lula/Flávio figures found in fetched source text; TSE match approx (TSE 2026-07-03..2026-07-06, n=1500)"
AtlasIntel,2026-06-26,2026-06-30,2026-07-01,4999,online,48.8,42.3,,,https://www.gazetadopovo.com.br/eleicoes/2026/pesquisa-eleitoral-2026/atlasintel-presidente-julho-2026/,AtlasIntel,BR-04582/2026,8.9,"Lula/Flávio figures found in fetched source text; source reports blank/null/undecided only combined; TSE match approx (TSE 2026-06-25..2026-06-30, n=5000)"
Nexus,2026-06-26,2026-06-28,2026-06-29,2009,telefone,47.0,44.0,,,https://www.cnnbrasil.com.br/eleicoes/nexus-lula-e-flavio-tem-empate-tecnico-no-2o-turno-com-47-e-44/,BTG/Nexus,BR-08521/2026,9.0,"Lula/Flávio figures found in fetched source text; TSE match approx (TSE 2026-06-26..2026-06-28, n=2000)"
PoderData,2026-06-21,2026-06-24,2026-06-25,2400,telefone,46.0,43.0,8.0,3.0,https://www.cartacapital.com.br/politica/os-numeros-da-nova-pesquisa-poder-aya-para-a-presidencia/,PoderData/Aya,BR-05722/2026,11.0,"Lula/Flávio figures found in fetched source text; blank/null & undecided from source; TSE match approx (TSE 2026-06-21..2026-06-24, n=2400)"
Datafolha,2026-06-17,2026-06-19,2026-06-19,2004,presencial,47.0,43.0,8.0,1.0,https://g1.globo.com/politica/eleicoes/2026/pesquisa-eleitoral/noticia/2026/06/20/datafolha-2o-turno-lula-tem-47-e-flavio-bolsonaro-43.ghtml,Datafolha,BR-09956/2026,9.0,Lula/Flávio figures found in fetched source text; blank/null & undecided from source
MDA,2026-06-10,2026-06-14,2026-06-16,2002,presencial,49.3,36.8,11.2,2.7,https://www.poder360.com.br/poder-pesquisas/cnt-42-dizem-votar-em-lula-mas-so-21-se-veem-como-de-esquerda/,CNT/MDA,BR-04256/2026,13.9,Lula/Flávio figures found in fetched source text; blank/null & undecided from source
Nexus,2026-06-12,2026-06-14,2026-06-15,2017,telefone,49.0,43.0,8.0,1.0,https://www.poder360.com.br/poder-eleicoes/lula-tem-49-contra-43-de-flavio-no-2o-turno-diz-nexus/,BTG/Nexus,BR-06645/2026,9.0,"Lula/Flávio figures found in fetched source text; TSE match approx (TSE 2026-06-12..2026-06-14, n=2000)"
Futura,2026-06-08,2026-06-12,2026-06-16,2000,telefone,48.1,42.9,,,https://www.poder360.com.br/poder-pesquisas/lula-tem-481-e-flavio-429-em-eventual-2o-turno-diz-pesquisa/,Apex/Futura,BR-01461/2026,10.0,Lula/Flávio figures found in fetched source text
Quaest,2026-06-05,2026-06-08,2026-06-10,2004,presencial,44.0,38.0,,,https://www.poder360.com.br/poder-eleicoes/lula-tem-44-contra-38-de-flavio-diz-quaest/,Genial/Quaest,BR-07661/2026,18.0,Lula/Flávio figures found in fetched source text
Real Time Big Data,2026-05-29,2026-05-30,2026-06-01,2000,presencial,45.0,40.0,8.0,7.0,https://www.cartacapital.com.br/politica/a-disputa-pela-presidencia-no-1o-turno-segundo-nova-pesquisa-real-time-big-data-2/,Real Time Big Data,BR-05864/2026,15.0,Lula/Flávio figures found in fetched source text; blank/null & undecided from source
PoderData,2026-05-25,2026-05-28,2026-05-29,2400,telefone,46.0,42.0,9.0,3.0,https://www.cartacapital.com.br/politica/os-numeros-da-primeira-pesquisa-poder-aya-para-a-presidencia/,PoderData/Aya,BR-04882/2026,12.0,"Lula/Flávio figures found in fetched source text; blank/null & undecided from source; TSE match approx (TSE 2026-05-25..2026-05-28, n=2400)"
Ideia,2026-05-23,2026-05-27,2026-05-28,1500,telefone,46.5,41.4,7.1,5.1,https://www.gazetadopovo.com.br/eleicoes/2026/pesquisa-eleitoral-2026/meio-ideia-presidente-maio-2026-2/,Meio/Ideia,BR-02918/2026,12.2,Lula/Flávio figures found in fetched source text; blank/null & undecided from source
Nexus,2026-05-22,2026-05-24,2026-05-25,2045,telefone,47.0,43.0,9.0,1.0,https://www.cartacapital.com.br/politica/os-numeros-da-nova-pesquisa-nexus-btg-a-presidencia/,BTG/Nexus,BR-04193/2026,10.0,"Lula/Flávio figures found in fetched source text; blank/null & undecided from source; TSE match approx (TSE 2026-05-22..2026-05-24, n=2000)"
Datafolha,2026-05-20,2026-05-21,2026-05-22,2004,presencial,47.0,43.0,9.0,2.0,https://g1.globo.com/politica/eleicoes/2026/noticia/2026/05/22/datafolha-2o-turno-lula-flavio.ghtml,Datafolha,BR-07489/2026,11.0,"Lula/Flávio figures found in fetched source text; blank/null & undecided from source; TSE match approx (TSE 2026-05-20..2026-05-22, n=2004)"
Futura,2026-05-15,2026-05-20,2026-05-21,2000,telefone,47.7,42.2,,,https://noticias.uol.com.br/politica/ultimas-noticias/2026/05/22/futuraapex-lula-aparecem-a-frente-de-flavio-em-1-e-2-turnos.ghtm,Apex/Futura,BR-06529/2026,10.2,"figures not found in fetched source text (pt.wikipedia value; en.wikipedia: match); TSE match approx (TSE 2026-05-15..2026-05-21, n=2000)"
AtlasIntel,2026-05-13,2026-05-18,2026-05-19,5032,online,48.9,41.8,,,https://www.poder360.com.br/poder-eleicoes/lula-tem-489-contra-418-de-flavio-no-2o-turno-diz-atlasintel/,AtlasIntel,BR-06939/2026,9.3,"Lula/Flávio figures found in fetched source text; TSE match approx (TSE 2026-05-13..2026-05-18, n=5000)"
Datafolha,2026-05-12,2026-05-14,2026-05-15,2004,presencial,45.0,45.0,9.0,1.0,https://www.gazetadopovo.com.br/eleicoes/2026/pesquisa-eleitoral-2026/datafolha-presidente-maio-2026/,Datafolha,BR-00290/2026,10.0,Lula/Flávio figures found in fetched source text; blank/null & undecided from source
Quaest,2026-05-08,2026-05-11,2026-05-13,2004,presencial,42.0,41.0,14.0,3.0,https://www.gazetadopovo.com.br/eleicoes/2026/pesquisa-eleitoral-2026/genial-quaest-presidente-maio-2026/,Genial/Quaest,BR-03598/2026,17.0,Lula/Flávio figures found in fetched source text; blank/null & undecided from source
Futura,2026-05-04,2026-05-08,2026-05-11,2000,telefone,44.4,46.9,6.7,1.9,https://www.cnnbrasil.com.br/eleicoes/futura-apex-lula-e-flavio-tem-empate-tecnico-no-1o-turno/,Apex/Futura,BR-03678/2026,8.6,Lula/Flávio figures found in fetched source text; blank/null & undecided from source
Ideia,2026-05-01,2026-05-05,2026-05-06,1500,telefone,44.7,45.3,,,https://www.cnnbrasil.com.br/eleicoes/meio-ideia-lula-tem-40-e-flavio-36-no-1o-turno/,Meio/Ideia,BR-05356/2026,10.0,Lula/Flávio figures found in fetched source text
Real Time Big Data,2026-05-02,2026-05-04,2026-05-05,2000,presencial,43.0,44.0,8.0,6.0,https://www.gazetadopovo.com.br/eleicoes/2026/pesquisa-eleitoral-2026/real-time-big-data-presidente-maio-2026/,Real Time Big Data,BR-03627/2026,13.0,Lula/Flávio figures found in fetched source text; blank/null & undecided from source
AtlasIntel,2026-04-22,2026-04-27,2026-04-28,5008,online,47.5,47.8,,,https://www.poder360.com.br/poder-eleicoes/lula-empata-com-flavio-e-zema-no-2o-turno-diz-atlasintel/,AtlasIntel,BR-07992/2026,4.7,"Lula/Flávio figures found in fetched source text; TSE match approx (TSE 2026-04-22..2026-04-27, n=5000)"
Nexus,2026-04-24,2026-04-26,2026-04-27,2028,telefone,46.0,45.0,8.0,1.0,https://www.cartacapital.com.br/politica/a-disputa-pela-presidencia-no-1o-turno-segundo-nova-pesquisa-nexus/,BTG/Nexus,BR-01075/2026,9.0,"Lula/Flávio figures found in fetched source text; blank/null & undecided from source; TSE match approx (TSE 2026-04-24..2026-04-26, n=2000)"
Quaest,2026-04-09,2026-04-13,2026-04-15,2004,presencial,40.0,42.0,16.0,2.0,https://www.gazetadopovo.com.br/eleicoes/2026/pesquisa-eleitoral-2026/quaest-presidente-abril-2026/,Genial/Quaest,BR-09285/2026,18.0,"Lula/Flávio figures found in fetched source text; blank/null & undecided from source; TSE match approx (TSE 2026-04-10..2026-04-13, n=2004)"
MDA,2026-04-08,2026-04-12,2026-04-14,2002,presencial,44.9,40.2,,,https://www.cnnbrasil.com.br/eleicoes/pesquisa-cnt-mda-lula-tem-449-e-flavio-402-no-2o-turno/,CNT/MDA,BR-02847/2026,14.9,Lula/Flávio figures found in fetched source text
Futura,2026-04-07,2026-04-11,2026-04-14,2000,telefone,42.6,48.0,,,https://www.cnnbrasil.com.br/eleicoes/futura-apex-lula-e-flavio-empatam-em-cenarios-de-1o-turno/,Apex/Futura,BR-08282/2026,9.4,Lula/Flávio figures found in fetched source text
Datafolha,2026-04-07,2026-04-09,2026-04-11,2004,presencial,45.0,46.0,,,https://www1.folha.uol.com.br/poder/2026/04/datafolha-lula-perde-vantagem-e-empata-com-flavio-caiado-e-zema-no-2o-turno.shtml,Datafolha,BR-03770/2026,9.0,Lula/Flávio figures found in fetched source text
Ideia,2026-04-03,2026-04-07,2026-04-07,1500,,45.5,45.8,6.6,2.1,https://www.gazetadopovo.com.br/eleicoes/2026/pesquisa-eleitoral-2026/meio-ideia-pesquisa-presidente-abril-2026/,Meio/Ideia,,8.7,"pt.wikipedia dates ""3 Mar - 7 Abr"" corrected to 3-7 Apr (TSE BR-00605/2026; same poll as 1st-round row); Lula/Flávio figures found in fetched source text; blank/null & undecided from source"
Nexus,2026-03-27,2026-03-29,2026-03-30,2000,telefone,46.0,46.0,,,https://noticias.uol.com.br/ultimas-noticias/agencia-estado/2026/03/30/btgnexus-lula-e-flavio-bolsonaro-empatam-em-46-em-eventual-2-turno-da-corrida-presidencial.htm,BTG/Nexus,BR-07875/2026,7.0,figures not found in fetched source text (pt.wikipedia value; en.wikipedia: match)
Paraná Pesquisas,2026-03-25,2026-03-28,2026-03-30,2080,presencial,44.1,45.2,,,https://www.gazetadopovo.com.br/eleicoes/2026/pesquisa-eleitoral-2026/meio-ideia-pesquisa-presidente-abril-2026/,Paraná Pesquisas,BR-00873/2026,10.7,Lula/Flávio figures found in fetched source text; article quotes BR-00605/2026
AtlasIntel,2026-03-18,2026-03-23,2026-03-24,5028,online,46.6,47.6,,,https://www.poder360.com.br/poder-pesquisas/lula-lidera-em-todos-os-cenarios-de-1o-turno-diz-atlasintel/,AtlasIntel,BR-04227/2026,5.8,"Lula/Flávio figures found in fetched source text; TSE match approx (TSE 2026-03-18..2026-03-23, n=5000)"
Ideia,2026-03-06,2026-03-10,2026-03-11,1500,telefone,47.0,45.0,,,https://www.poder360.com.br/poder-eleicoes/lula-empata-com-flavio-e-tarcisio-no-2o-turno-diz-meio-ideia/,Meio/Ideia,BR-00386/2026,7.0,source text (Poder360) gives rounded integers (47 vs 45); en.wikipedia lists 47.4 / 45.3 from the Meio/Ideia PDF (not machine-readable) - rounded values kept; Lula/Flávio figures found in fetched source text
Quaest,2026-03-06,2026-03-09,2026-03-11,2004,presencial,41.0,41.0,16.0,2.0,https://www.cnnbrasil.com.br/eleicoes/quaest-lula-e-flavio-empatam-em-maioria-de-cenarios-de-1o-turno/,Genial/Quaest,BR-05809/2026,18.0,Lula/Flávio figures found in fetched source text
Futura,2026-03-02,2026-03-06,2026-03-11,2000,telefone,40.5,48.8,9.0,1.7,https://www.gazetadopovo.com.br/eleicoes/2026/pesquisa-eleitoral-2026/futura-inteligencia-presidente-marco-2026/,Apex/Futura,BR-06607/2026,10.7,Lula/Flávio figures found in fetched source text; blank/null & undecided from source
Datafolha,2026-03-03,2026-03-05,2026-03-05,2004,presencial,46.0,43.0,10.0,1.0,https://g1.globo.com/politica/eleicoes/2026/noticia/2026/03/07/datafolha-lula-tem-46percent-e-flavio-bolsonaro-43percent-das-intencoes-de-voto-no-2o-turno-diz-pesquisa.ghtml,Datafolha,BR-03715/2026,11.0,Lula/Flávio figures found in fetched source text; blank/null & undecided from source
Real Time Big Data,2026-02-28,2026-03-02,2026-03-03,2000,presencial,42.0,41.0,,,https://www.cnnbrasil.com.br/eleicoes/lula-lidera-cenarios-de-1o-turno-aponta-real-time-big-data/,Real Time Big Data,BR-09353/2026,17.0,figures not found in fetched source text (pt.wikipedia value; en.wikipedia: match)
Paraná Pesquisas,2026-02-22,2026-02-25,2026-02-27,2080,presencial,43.8,44.4,,,https://www.poder360.com.br/poder-eleicoes/lula-e-flavio-empatam-no-1o-turno-diz-parana-pesquisas/,Paraná Pesquisas,BR-07974/2026,11.9,Lula/Flávio figures found in fetched source text
AtlasIntel,2026-02-19,2026-02-24,2026-02-25,4986,online,46.2,46.3,,,https://exame.com/brasil/no-1o-turno-lula-tem-45-e-flavio-379-diz-atlasintel/,AtlasIntel,BR-07600/2026,7.5,"Lula/Flávio figures found in fetched source text; TSE match approx (TSE 2026-02-19..2026-02-24, n=5000)"
Quaest,2026-02-05,2026-02-09,2026-02-11,2004,presencial,43.0,38.0,17.0,2.0,https://exame.com/brasil/no-1o-turno-lula-tem-35-e-flavio-bolsonaro-29-diz-genial-quaest/,Genial/Quaest,BR-00249/2026,19.0,Lula/Flávio figures found in fetched source text
Futura,2026-02-03,2026-02-07,2026-02-10,2000,telefone,42.4,48.2,8.2,1.2,https://planopolitico.com.br/agregador/presidente/,Apex/Futura,BR-02276/2026,9.4,Lula/Flávio figures found in fetched source text; blank/null & undecided from source
Ideia,2026-01-30,2026-02-02,2026-02-04,1500,telefone,45.8,41.1,,,https://abcdados.com.br/agregador2026/,Meio/Ideia,BR-08425/2026,13.1,figures not found in fetched source text (pt.wikipedia value; en.wikipedia: match)
Paraná Pesquisas,2026-01-25,2026-01-28,2026-01-29,2080,presencial,44.8,42.2,8.3,4.7,https://pollplustrend.com/26brpf,Paraná Pesquisas,BR-08254/2026,13.0,Lula/Flávio figures found in fetched source text; blank/null & undecided from source
AtlasIntel,2026-01-15,2026-01-20,2026-01-21,5418,online,49.0,45.0,,,https://www.gazetadopovo.com.br/eleicoes/2026/pesquisa-eleitoral-2026/pesquisa-atlasintel-presidente-janeiro-2026/,AtlasIntel,BR-02804/2026,6.0,"Lula/Flávio figures found in fetched source text; source reports blank/null/undecided only combined; TSE match approx (TSE 2026-01-15..2026-01-20, n=5000)"
Futura,2026-01-15,2026-01-19,2026-01-22,2000,telefone,41.9,48.1,,,https://www.cnnbrasil.com.br/eleicoes/apex-futura-lula-e-flavio-lideram-cenarios-de-1o-turno/,Apex/Futura,BR-08233/2026,10.0,figures not found in fetched source text (pt.wikipedia value; en.wikipedia: match); article quotes BR-03024/2026
Ideia,2026-01-08,2026-01-12,2026-01-13,2000,telefone,46.2,36.0,9.8,8.0,https://www.cnnbrasil.com.br/blogs/iuri-pitta/eleicoes/meio-ideia-lula-lidera-cenarios-de-1o-turno-e-empata-com-tarcisio-no-2o/,Meio/Ideia,BR-06731/2026,17.8,Lula/Flávio figures found in fetched source text; blank/null & undecided from source
Quaest,2026-01-08,2026-01-11,2026-01-14,2004,presencial,45.0,38.0,15.0,2.0,https://www.cnnbrasil.com.br/eleicoes/lula-lidera-contra-todos-eventuais-adversarios-no-1o-e-2o-turno-diz-quaest/,Genial/Quaest,BR-00835/2026,17.0,manual: source text (CNN Brasil); Lula/Flávio figures found in fetched source text; blank/null & undecided from source
Paraná Pesquisas,2025-12-18,2025-12-22,2025-12-26,2038,presencial,44.1,41.0,,,https://www.poder360.com.br/poder-pesquisas/lula-tem-376-e-flavio-278-no-1o-turno-diz-parana-pesquisas/,Paraná Pesquisas,,14.9,"manual: source text (Poder360, 26 Dec 2025: 44,1 x 41,0); method: pollster standard (no TSE registration before 2026)"
AtlasIntel,2025-12-10,2025-12-15,2025-12-18,18154,online,53.0,41.0,,,https://www.cartacapital.com.br/politica/lula-lidera-com-folga-as-disputas-contra-flavio-tarcisio-e-michelle-veja-a-nova-pesquisa-sobre-2026/,AtlasIntel,,6.0,"sample 18,154 per CartaCapital (pt.wikipedia had 8,154); 2nd-round figures from wikipedia (pt=en), not found in fetched text; figures not found in fetched source text (pt.wikipedia value; en.wikipedia: match; sample pt=8154 en=18,154); method: pollster standard (no TSE registration before 2026)"
Quaest,2025-12-11,2025-12-14,2025-12-16,2004,presencial,46.0,36.0,,,https://veja.abril.com.br/politica/nova-pesquisa-genial-quaest-e-boa-para-flavio-bolsonaro-e-ruim-para-tarcisio/,Genial/Quaest,,18.0,manual: source text (Veja: Flávio 36 vs Lula 46); method: pollster standard (no TSE registration before 2026)
Futura,2025-12-03,2025-12-09,2025-12-12,2001,telefone,42.1,41.6,14.2,,https://exame.com/brasil/pesquisa-futura-lula-empataria-com-flavio-e-perderia-de-tarcisio-no-2o-turno/,Apex/Futura,,16.3,"source text: ""Brancos/nulos 14,2%""; undecided not reported separately; Lula/Flávio figures found in fetched source text; method: pollster standard (no TSE registration before 2026)"
Datafolha,2025-12-02,2025-12-04,2025-12-06,2002,presencial,51.0,36.0,,,https://www1.folha.uol.com.br/poder/2025/12/datafolha-lula-bate-flavio-bolsonaro-por-15-pontos-e-tarcisio-por-5-no-2o-turno.shtml,Datafolha,,13.0,Lula/Flávio figures found in fetched source text; method: pollster standard (no TSE registration before 2026)
