pollster,field_start,field_end,publication_date,sample_size,method,tse_registration,lula,flavio,caiado,zema,renan_santos,augusto_cury,others_total,blank_null,undecided,scenario_note,source_url,pollster_label,blank_null_undecided,verification
Quaest,2026-10-02,2026-10-03,2026-10-03,3702,presencial,BR-02197/2026,40.0,38.0,3.0,0.0,3.0,3.0,0.0,10.0,3.0,"Single scenario (Lula, Flávio, Cury, Renan, Caiado, Zema, Samara, Avalanche, Grassi, Clariana, Dias, Costa, Pimenta); every other candidate 0%",https://www.band.com.br/politica/eleicoes/lula-tem-46-dos-votos-validos-e-flavio-45-aponta-ultima-quaest-do-1o-turno,Genial/Quaest,13.0,"manual: source text (Band; Gazeta do Povo; Exame; 3 Oct 2026 evening), not yet on pt.wikipedia; Lula/Flávio figures found in fetched source text; blank/null & undecided from source; TSE match exact (BR-02197/2026, 2-3 Oct, n=3,702)"
Datafolha,2026-10-03,2026-10-03,2026-10-03,4006,presencial,BR-01708/2026,42.0,40.0,4.0,0.0,3.0,3.0,0.0,4.0,3.0,"Single scenario (Lula, Flávio, Caiado, Renan, Cury, Zema, Samara and others); Zema and Samara 0% of total, other names did not score",https://jb.com.br/brasil/politica/2026/10/1061110-datafolha-1-turno-votos-validos-lula-45-flavio-bolsonaro-42.html,Datafolha,7.0,"manual: source text (JB; Exame; ND+; Gazeta do Povo; 3 Oct 2026 evening); pt.wikipedia row says 1-3 Oct and n=2,002, but the TSE registration BR-01708/2026 and every article give 4,006 interviews on 3 Oct; Zema 0% of total per JB (pt.wikipedia: 1%; valid votes: 1%); Lula/Flávio figures found in fetched source text; blank/null & undecided from source"
Futura,2026-10-02,2026-10-03,2026-10-03,2000,telefone,BR-02431/2026,40.5,42.5,3.7,0.8,2.6,3.9,1.0,2.6,2.4,"Single scenario (Cenário 1 of the pollster report: Flávio, Lula, Cury, Caiado, Renan, Zema, Samara, Costa, Pimenta, Clariana, Grassi, Dias); others_total = Samara 0.4 + Costa 0.2 + Pimenta, Clariana, Grassi and Dias 0.1 each",https://admin.cnnbrasil.com.br/wp-content/uploads/sites/12/2026/10/Relatorio_Tracking_Nacional_1_Turno_Final_Votos_Validos-3.pdf,Apex/Futura,5.0,"manual: pollster report (PDF linked from CNN Brasil, 3 Oct 2026), labels and values paired by position on the page, sum 100.0; field 2-3 Oct per the report (TSE registration BR-02431/2026 says 29 Sep-3 Oct; CNN gives both 25-29 Sep and 2-3 Oct); valid votes in the report match CNN text (Flávio 44.8, Lula 42.6)"
MDA,2026-09-30,2026-10-02,2026-10-03,2007,presencial,BR-04756/2026,43.1,38.0,3.0,0.8,1.5,3.2,,5.0,4.7,"Single scenario on pt.wikipedia (Lula, Flávio, Cury, Caiado, Renan, Zema)",https://exame.com/brasil/pesquisa-cnt-mda-para-presidente-lula-tem-478-e-flavio-421-dos-votos-validos-no-1o-turno/,CNT/MDA,9.7,"manual: source text (Exame); pt.wikipedia had Cury 3.1; TSE registers field 29 Sep-2 Oct, article says 30 Sep-2 Oct; Lula/Flávio figures found in fetched source text; blank/null & undecided from source; TSE match approx (TSE 2026-09-29..2026-10-02, n=2002)"
PoderData,2026-09-30,2026-10-02,2026-10-03,4000,telefone,BR-03519/2026,42.0,41.0,2.0,1.0,3.0,3.0,1.0,4.0,2.0,"Single scenario on pt.wikipedia (Lula, Flávio, Cury, Caiado, Renan, Zema, Samara, Grassi, Clariana, Dias, Costa, Pimenta); Outros = Leonardo Avalanche (PRTB)",https://www.poder360.com.br/poderdata/lula-e-flavio-tem-46-cada-um-no-2o-turno-diz-poderdata-aya/,PoderData/Aya,6.0,"Lula/Flávio figures found in fetched source text; blank/null & undecided from source; TSE match approx (TSE 2026-09-30..2026-10-02, n=4000)"
Datafolha,2026-09-28,2026-10-01,2026-10-01,2506,presencial,BR-08039/2026,42.0,38.0,3.0,1.0,3.0,4.0,2.0,5.0,2.0,"Single scenario on pt.wikipedia (Lula, Flávio, Cury, Caiado, Renan, Zema, Samara, Grassi, Clariana, Dias, Costa, Pimenta)",https://www.gazetadopovo.com.br/eleicoes/2026/pesquisa-eleitoral-2026/datafolha-presidente-outubro-2026-2/,Datafolha,7.0,Lula/Flávio figures found in fetched source text; blank/null & undecided from source
Real Time Big Data,2026-09-26,2026-09-30,2026-10-01,2000,telefone+online,BR-09503/2026,43.0,39.0,3.0,1.0,4.0,3.0,1.0,3.0,3.0,"Single scenario on pt.wikipedia (Lula, Flávio, Cury, Renan, Caiado, Zema, Samara, Avalanche, Grassi, Clariana, Dias, Costa, Pimenta); reported as '<x': Samara <1%, Avalanche <1%, Grassi <1%, Clariana <1%, Dias <1%, Costa <1%, Pimenta <1% (left blank / excluded from others_total); Outros = Esses candidatos, somados, atingiram 1%.",https://veja.abril.com.br/politica/como-esta-a-disputa-lula-x-flavio-bolsonaro-a-tres-dias-da-eleicao-segundo-nova-pesquisa/,Real Time Big Data,6.0,Lula/Flávio figures found in fetched source text; blank/null & undecided from source
Futura,2026-09-25,2026-09-29,2026-09-30,2000,telefone,BR-01122/2026,39.4,42.2,4.0,1.6,3.2,3.8,0.8,2.4,2.6,"Single scenario on pt.wikipedia (Lula, Flávio, Cury, Renan, Caiado, Zema, Samara, Avalanche, Grassi, Dias, Costa, Pimenta)",https://www.cnnbrasil.com.br/eleicoes/futura-flavio-tem-422-das-intencoes-de-voto-no-1o-turno-lula-394/,Apex/Futura,5.0,"manual: source text (CNN Brasil); pt.wikipedia had Renan 3.4 (en.wikipedia 3.2 agrees with source); Lula/Flávio figures found in fetched source text; TSE match approx (TSE 2026-09-24..2026-09-29, n=2000)"
AtlasIntel,2026-09-23,2026-09-28,2026-09-29,5005,online,BR-04391/2026,45.3,42.2,1.8,0.9,5.2,2.0,0.5,0.9,1.2,"Single scenario on pt.wikipedia (Lula, Flávio, Cury, Renan, Caiado, Zema, Samara, Avalanche, Grassi, Clariana, Dias, Costa, Pimenta); reported as '<x': Samara <0,5%, Avalanche <0,5%, Grassi <0,5%, Clariana <0,5%, Dias <0,5%, Costa <0,5%, Pimenta <0,5% (left blank / excluded from others_total)",https://www.poder360.com.br/poder-eleicoes-2026/flavio-tem-477-e-lula-476-no-2o-turno-diz-atlasintel/,AtlasIntel,2.1,"manual: source text (Poder360: Lula 45,3; Flávio 42,2; Renan 5,2; Cury 2,0; Caiado 1,8; Zema 0,9; outros 0,5; branco/nulo 0,9; não sabe 1,2). CartaCapital (30 Sep) quotes Lula 45,9 for this round - treated as a typo (UOL/Poder360/en+pt wikipedia all 45,3); Lula/Flávio figures found in fetched source text; blank/null & undecided from source; TSE match approx (TSE 2026-09-23..2026-09-28, n=5000)"
Ideia,2026-09-25,2026-09-28,2026-09-30,2000,telefone,BR-08706/2026,39.4,38.4,4.4,3.5,4.5,6.7,1.4,,,"Single scenario on pt.wikipedia (Lula, Flávio, Cury, Renan, Caiado, Zema, Samara, Avalanche, Grassi, Clariana, Dias, Costa, Pimenta)",https://noticias.uol.com.br/eleicoes/2026/09/30/meioideia-pesquisa-setembro.ghtm,Meio/Ideia,2.2,figures not found in fetched source text (pt.wikipedia value; en.wikipedia: match L/F)
Nexus,2026-09-25,2026-09-27,2026-09-28,2000,telefone,BR-07557/2026,42.0,37.0,5.0,1.0,4.0,5.0,1.0,,,"Single scenario on pt.wikipedia (Lula, Flávio, Cury, Renan, Caiado, Zema, Samara, Avalanche, Grassi, Clariana, Dias, Costa, Pimenta)",https://www.poder360.com.br/poder-eleicoes-2026/lula-tem-46-contra-44-de-flavio-no-2o-turno-diz-btg-nexus/,BTG/Nexus,5.0,Lula/Flávio figures found in fetched source text
Quaest,2026-09-24,2026-09-27,2026-09-28,2004,presencial,BR-06520/2026,39.0,34.0,4.0,1.0,3.0,4.0,0.0,10.0,5.0,"Single scenario on pt.wikipedia (Lula, Flávio, Cury, Renan, Caiado, Zema, Samara, Avalanche, Grassi, Clariana, Dias, Costa, Pimenta)",https://g1.globo.com/google/amp/politica/eleicoes/2026/noticia/2026/09/28/quaest-presidente-1o-turno-28-setembro.ghtml,Genial/Quaest,15.0,Lula/Flávio figures found in fetched source text; blank/null & undecided from source
Datafolha,2026-09-22,2026-09-24,2026-09-24,2002,presencial,BR-00304/2026,40.0,36.0,4.0,1.0,3.0,5.0,1.0,5.0,2.0,"Single scenario on pt.wikipedia (Lula, Flávio, Cury, Renan, Caiado, Zema, Samara, Avalanche, Grassi, Clariana, Dias, Costa, Pimenta)",https://g1.globo.com/politica/eleicoes/2026/pesquisa-eleitoral/noticia/2026/09/24/datafolha-presidente-24-setembro.ghtml,Datafolha,7.0,"source text (g1): published figures sum to 97 (rounding); g1 gives field dates 22-23 Sep, TSE registration 22-24 Sep; Lula/Flávio figures found in fetched source text; blank/null & undecided from source"
Futura,2026-09-19,2026-09-23,2026-09-24,2000,telefone,BR-05268/2026,38.4,40.4,5.7,0.9,2.4,5.6,1.2,,,"Single scenario on pt.wikipedia (Lula, Flávio, Cury, Renan, Caiado, Zema, Samara, Avalanche, Grassi, Clariana, Dias, Costa, Pimenta)",https://exame.com/brasil/futura-flavio-bolsonaro-cresce-chega-a-404-e-ultrapassa-lula-no-1o-turno/,Apex/Futura,5.3,"Lula/Flávio figures found in fetched source text; TSE match approx (TSE 2026-09-18..2026-09-24, n=2000)"
PoderData,2026-09-20,2026-09-23,2026-09-24,3000,telefone,BR-01739/2026,41.0,39.0,2.0,1.0,3.0,6.0,3.0,4.0,2.0,"Single scenario on pt.wikipedia (Lula, Flávio, Cury, Renan, Caiado, Zema, Samara, Avalanche, Grassi, Clariana, Dias, Costa, Pimenta)",https://www.poder360.com.br/poderdata/flavio-tem-46-e-lula-45-no-2o-turno-diz-poderdata-aya/,PoderData/Aya,6.0,"Lula/Flávio figures found in fetched source text; blank/null & undecided from source; TSE match approx (TSE 2026-09-20..2026-09-23, n=3000)"
Real Time Big Data,2026-09-19,2026-09-23,2026-09-24,2000,telefone+online,BR-04202/2026,41.0,37.0,2.0,1.0,6.0,6.0,,3.0,3.0,"Single scenario on pt.wikipedia (Lula, Flávio, Cury, Renan, Caiado, Zema, Samara, Avalanche, Grassi, Clariana, Dias, Costa, Pimenta); reported as '<x': Samara <1%, Avalanche <1%, Grassi <1%, Clariana <1%, Dias <1%, Costa <1%, Pimenta <1% (left blank / excluded from others_total)",https://www.gazetadopovo.com.br/eleicoes/2026/pesquisa-eleitoral-2026/real-time-big-data-presidente-setembro-2026-2/,Real Time Big Data,6.0,Lula/Flávio figures found in fetched source text; blank/null & undecided from source
AtlasIntel,2026-09-17,2026-09-22,2026-09-23,5015,online,BR-04739/2026,45.8,43.4,1.3,0.9,4.5,2.1,0.8,0.7,0.5,"Single scenario on pt.wikipedia (Lula, Flávio, Cury, Renan, Caiado, Zema, Samara, Grassi, Clariana, Dias, Costa, Pimenta)",https://www.gazetadopovo.com.br/eleicoes/2026/pesquisa-eleitoral-2026/atlasintel-presidente-setembro-2026-3/,AtlasIntel,1.2,"Lula/Flávio figures found in fetched source text; blank/null & undecided from source; TSE match approx (TSE 2026-09-17..2026-09-22, n=5000)"
Nexus,2026-09-18,2026-09-20,2026-09-21,2000,telefone,BR-00485/2026,40.0,37.0,5.0,1.0,3.0,6.0,,,,"Single scenario on pt.wikipedia (Lula, Flávio, Cury, Renan, Caiado, Zema, Samara, Grassi, Clariana, Dias, Costa, Pimenta); reported as '<x': Samara <1%, Grassi <1%, Clariana <1%, Dias <1%, Costa <1%, Pimenta <1% (left blank / excluded from others_total)",https://noticias.uol.com.br/eleicoes/2026/09/21/btgnexus-pesquisa-presidencial-de-setembro.ghtm,BTG/Nexus,7.0,Lula/Flávio figures found in fetched source text
Quaest,2026-09-17,2026-09-20,2026-09-21,2004,presencial,BR-06004/2026,37.0,33.0,4.0,1.0,3.0,6.0,1.0,7.0,8.0,"Single scenario on pt.wikipedia (Lula, Flávio, Cury, Renan, Caiado, Zema, Samara, Avalanche, Grassi, Clariana, Dias, Costa, Pimenta)",https://g1.globo.com/politica/eleicoes/2026/pesquisa-eleitoral/noticia/2026/09/21/quaest-presidente-2o-turno-21-setembro.ghtml,Genial/Quaest,15.0,Lula/Flávio figures found in fetched source text; blank/null & undecided from source
AtlasIntel,2026-09-11,2026-09-16,2026-09-17,5018,online,BR-06221/2026,44.1,41.7,1.7,1.1,5.1,3.5,0.7,,,"Single scenario on pt.wikipedia (Lula, Flávio, Cury, Renan, Caiado, Zema, Samara)",https://noticias.uol.com.br/eleicoes/2026/09/17/atlasbloomberg-lula-e-flavio-aparecem-tecnicamente-empatados-no-2-turno.ghtm,AtlasIntel,2.1,"Lula/Flávio figures found in fetched source text; TSE match approx (TSE 2026-09-11..2026-09-16, n=5000)"
Datafolha,2026-09-15,2026-09-16,2026-09-17,2002,presencial,BR-04029/2026,39.0,36.0,4.0,2.0,3.0,6.0,2.0,6.0,3.0,"Single scenario on pt.wikipedia (Lula, Flávio, Cury, Renan, Caiado, Zema, Samara, Grassi, Clariana, Dias, Costa, Pimenta)",https://g1.globo.com/politica/eleicoes/2026/pesquisa-eleitoral/noticia/2026/09/17/datafolha-presidente-17-setembro.ghtml,Datafolha,9.0,"Lula/Flávio figures found in fetched source text; blank/null & undecided from source; TSE match approx (TSE 2026-09-15..2026-09-17, n=2002)"
PoderData,2026-09-13,2026-09-16,2026-09-17,3000,telefone,BR-00360/2026,37.0,36.0,3.0,1.0,3.0,8.0,6.0,4.0,2.0,"Single scenario on pt.wikipedia (Lula, Flávio, Cury, Renan, Caiado, Zema, Samara, Grassi, Clariana, Dias, Costa, Pimenta); includes non-final candidates: Marçal; Outros = Pablo Marçal ( PRTB )",https://www.poder360.com.br/poderdata/flavio-tem-46-e-lula-44-no-2o-turno-diz-poderdata-aya/,PoderData/Aya,6.0,"Lula/Flávio figures found in fetched source text; blank/null & undecided from source; TSE match approx (TSE 2026-09-13..2026-09-16, n=3000)"
Futura,2026-09-11,2026-09-15,2026-09-17,2000,telefone,BR-00749/2026,38.3,37.7,4.5,1.0,3.4,6.5,2.4,,,"Single scenario on pt.wikipedia (Lula, Flávio, Cury, Renan, Caiado, Zema, Samara, Grassi, Clariana, Dias, Costa, Pimenta); includes non-final candidates: Marçal; Outros = Pablo Marçal ( PRTB )",https://www.poder360.com.br/poder-eleicoes-2026/flavio-tem-481-contra-437-de-lula-no-2o-turno-diz-pesquisa/,Apex/Futura,6.1,"Lula/Flávio figures found in fetched source text; TSE match approx (TSE 2026-09-11..2026-09-17, n=2000)"
MDA,2026-09-09,2026-09-13,2026-09-15,2002,presencial,BR-06902/2026,40.5,30.4,3.0,1.0,2.7,6.0,1.8,6.0,7.5,"Single scenario on pt.wikipedia (Lula, Flávio, Cury, Renan, Caiado, Zema, Samara, Grassi, Clariana, Dias, Costa, Pimenta); includes non-final candidates: Marçal; reported as '<x': Samara <1,1%, Grassi <1,1%, Clariana <1,1%, Dias <1,1%, Costa <1,1%, Pimenta <1,1% (left blank / excluded from others_total); Outros = Pablo Marçal ( PRTB )",https://www.cartacapital.com.br/politica/nova-rodada-da-pesquisa-cnt-mda-mostra-lula-na-lideranca-do-1o-turno/,CNT/MDA,13.5,Lula/Flávio figures found in fetched source text; blank/null & undecided from source
Nexus,2026-09-11,2026-09-13,2026-09-14,2003,telefone,BR-04076/2026,42.0,37.0,5.0,1.0,2.0,6.0,1.0,,,"Single scenario on pt.wikipedia (Lula, Flávio, Cury, Renan, Caiado, Zema, Samara, Grassi, Clariana, Dias, Costa, Pimenta)",https://www.poder360.com.br/poder-eleicoes-2026/lula-tem-47-contra-46-de-flavio-no-2o-turno-mostra-btg-nexus/,BTG/Nexus,6.0,"Lula/Flávio figures found in fetched source text; TSE match approx (TSE 2026-09-11..2026-09-13, n=2000)"
Quaest,2026-09-10,2026-09-13,2026-09-14,2004,presencial,BR-03607/2026,36.0,31.0,4.0,1.0,4.0,7.0,0.0,7.0,10.0,"Single scenario on pt.wikipedia (Lula, Flávio, Cury, Renan, Caiado, Zema, Samara, Grassi, Clariana, Dias, Costa, Pimenta)",https://g1.globo.com/politica/eleicoes/2026/pesquisa-eleitoral/noticia/2026/09/14/quaest-pesquisa-presidente-primeiro-turno-14-setembro.ghtml,Genial/Quaest,17.0,Lula/Flávio figures found in fetched source text; blank/null & undecided from source
Datafolha,2026-09-08,2026-09-11,2026-09-11,2002,presencial,BR-01833/2026,39.0,35.0,4.0,2.0,3.0,6.0,4.0,6.0,4.0,"Scenario 1 of 2 on pt.wikipedia (Lula, Flávio, Cury, Renan, Caiado, Zema, Samara, Grassi, Clariana, Dias, Costa, Pimenta)",https://g1.globo.com/politica/eleicoes/2026/pesquisa-eleitoral/noticia/2026/09/11/datafolha-2o-turno-presidente-11-setembro.ghtml,Datafolha,10.0,"source text (g1): published figures sum to 103 (rounding; ""sem Marçal"" scenario); CNN gives field 8-10 Sep, TSE 8-11 Sep; Lula/Flávio figures found in fetched source text; blank/null & undecided from source"
Futura,2026-09-04,2026-09-10,2026-09-10,2000,telefone,BR-02322/2026,39.2,33.6,4.4,0.7,4.3,6.4,3.0,,,"Single scenario on pt.wikipedia (Lula, Flávio, Cury, Renan, Caiado, Zema, Samara, Grassi, Dias, Costa, Pimenta); includes non-final candidates: Marçal; Outros = Pablo Marçal ( PRTB )",https://www.poder360.com.br/poder-eleicoes-2026/flavio-tem-454-contra-45-de-lula-no-2o-turno-diz-pesquisa/,Apex/Futura,8.3,"Lula/Flávio figures found in fetched source text; TSE match approx (TSE 2026-09-04..2026-09-09, n=2000)"
AtlasIntel,2026-09-04,2026-09-09,2026-09-10,5000,online,BR-01452/2026,43.0,37.4,1.1,2.1,6.5,6.6,2.3,0.6,0.4,"Single scenario on pt.wikipedia (Lula, Flávio, Cury, Renan, Caiado, Zema, Samara, Grassi, Clariana, Pimenta); includes non-final candidates: Marçal; Outros = Pablo Marçal ( PRTB )",https://www.poder360.com.br/poder-eleicoes-2026/flavio-tem-464-e-lula-462-no-2o-turno-diz-atlasintel/,AtlasIntel,1.0,Lula/Flávio figures found in fetched source text; blank/null & undecided from source
PoderData,2026-09-06,2026-09-09,2026-09-10,3000,telefone,BR-04914/2026,38.0,36.0,2.0,1.0,3.0,10.0,5.0,3.0,1.0,"Single scenario on pt.wikipedia (Lula, Flávio, Cury, Renan, Caiado, Zema, Samara, Grassi, Clariana, Dias, Costa, Pimenta); includes non-final candidates: Marçal; Outros = Pablo Marçal ( PRTB )",https://www.poder360.com.br/poderdata/poderdata-aya-lula-tem-38-contra-36-de-flavio-no-1o-turno/,PoderData/Aya,4.0,"Lula/Flávio figures found in fetched source text; blank/null & undecided from source; TSE match approx (TSE 2026-09-06..2026-09-09, n=3000)"
Ideia,2026-09-04,2026-09-07,2026-09-09,1500,telefone,BR-07935/2026,38.4,37.3,4.0,1.5,4.0,6.6,3.1,,,"Single scenario on pt.wikipedia (Lula, Flávio, Cury, Renan, Caiado, Zema, Samara, Grassi, Clariana, Dias, Costa, Pimenta); includes non-final candidates: Marçal; Outros = Pablo Marçal ( PRTB )",https://www.poder360.com.br/poder-eleicoes-2026/lula-e-flavio-empatam-em-2o-turno-diz-pesquisa-meio-ideia/,Meio/Ideia,5.3,Lula/Flávio figures found in fetched source text
Nexus,2026-09-04,2026-09-07,2026-09-08,2002,telefone,BR-06790/2026,39.0,35.0,4.0,1.0,4.0,9.0,2.0,,,"Scenario 1 of 2 on pt.wikipedia (Lula, Flávio, Cury, Renan, Caiado, Zema, Samara, Grassi, Clariana, Dias, Costa, Pimenta)",https://noticias.uol.com.br/eleicoes/2026/09/08/btg-nexus-presidencial-8-de-setembro.ghtm,BTG/Nexus,5.0,"Lula/Flávio figures found in fetched source text; TSE match approx (TSE 2026-09-04..2026-09-07, n=2000)"
Quaest,2026-09-03,2026-09-06,2026-09-07,2004,presencial,BR-01720/2026,36.0,29.0,3.0,2.0,3.0,8.0,1.0,8.0,10.0,"Scenario 1 of 2 on pt.wikipedia (Lula, Flávio, Cury, Renan, Caiado, Zema, Samara, Grassi, Clariana, Dias, Costa, Pimenta)",https://g1.globo.com/politica/eleicoes/2026/pesquisa-eleitoral/noticia/2026/09/07/quaest-presidente-7-setembro.ghtml,Genial/Quaest,18.0,Lula/Flávio figures found in fetched source text; blank/null & undecided from source
Datafolha,2026-09-01,2026-09-02,2026-09-03,2002,presencial,BR-03669/2026,38.0,33.0,4.0,2.0,3.0,8.0,5.0,6.0,3.0,"Single scenario on pt.wikipedia (Lula, Flávio, Cury, Renan, Caiado, Zema, Samara, Grassi, Clariana, Dias, Costa, Pimenta)",https://g1.globo.com/politica/eleicoes/2026/pesquisa-eleitoral/noticia/2026/09/03/datafolha-2o-turno-presidente-3-setembro.ghtml,Datafolha,9.0,"Lula/Flávio figures found in fetched source text; blank/null & undecided from source; TSE match approx (TSE 2026-09-01..2026-09-03, n=2002)"
PoderData,2026-08-30,2026-09-02,2026-09-03,3000,telefone,BR-07561/2026,37.0,34.0,2.0,1.0,3.0,10.0,8.0,5.0,2.0,"Single scenario on pt.wikipedia (Lula, Flávio, Cury, Renan, Caiado, Zema, Samara, Grassi, Clariana, Dias, Costa, Pimenta); includes non-final candidates: Marçal; Outros = Pablo Marçal ( PRTB )",https://www.poder360.com.br/poderdata/flavio-tem-45-e-lula-registra-44-no-2o-turno-diz-poderdata-aya/,PoderData/Aya,7.0,"source text (Poder360); includes Marçal 2% in ""others""; Lula/Flávio figures found in fetched source text; blank/null & undecided from source; TSE match approx (TSE 2026-08-30..2026-09-02, n=3000)"
Futura,2026-08-27,2026-09-01,2026-09-03,2000,telefone,BR-02793/2026,38.7,33.6,3.5,1.6,2.8,9.9,3.8,,,"Single scenario on pt.wikipedia (Lula, Flávio, Cury, Renan, Caiado, Zema, Samara, Grassi, Dias, Pimenta); includes non-final candidates: Marçal; Outros = Pablo Marçal ( PRTB )",https://noticias.uol.com.br/eleicoes/2026/09/03/futuraapex-pesquisa-presidente-primeiro-segundo-turno.ghtm,Apex/Futura,6.1,"Lula/Flávio figures found in fetched source text; TSE match approx (TSE 2026-08-28..2026-09-01, n=2000)"
Quaest,2026-08-30,2026-09-01,2026-09-02,2004,presencial,BR-07065/2026,37.0,29.0,1.0,1.0,3.0,10.0,1.0,7.0,10.0,"Scenario 2 of 2 on pt.wikipedia (Lula, Flávio, Cury, Renan, Caiado, Zema, Samara, Grassi, Clariana, Dias, Costa, Pimenta)",https://www.gazetadopovo.com.br/eleicoes/2026/pesquisa-eleitoral-2026/quaest-presidente-setembro-2026/,Genial/Quaest,18.0,Lula/Flávio figures found in fetched source text; blank/null & undecided from source
Real Time Big Data,2026-08-27,2026-08-31,2026-09-01,2000,telefone+online,BR-03490/2026,38.0,30.0,4.0,2.0,7.0,11.0,,3.0,3.0,"Scenario 2 of 2 on pt.wikipedia (Lula, Flávio, Caiado, Zema, Renan, Cury, Samara, Grassi, Clariana, Dias, Costa, Pimenta); reported as '<x': Samara <1%, Grassi <1%, Clariana <1%, Dias <1%, Costa <1%, Pimenta <1% (left blank / excluded from others_total)",https://www.cartacapital.com.br/politica/pesquisa-real-time-big-data-lula-lidera-disputa-pela-presidencia-em-primeiro-turno/,Real Time Big Data,6.0,Lula/Flávio figures found in fetched source text; blank/null & undecided from source
AtlasIntel,2026-08-25,2026-08-30,2026-08-31,5014,online,BR-07972/2026,43.4,33.7,3.3,1.0,7.6,7.8,3.0,0.1,0.2,"Single scenario on pt.wikipedia (Lula, Flávio, Caiado, Zema, Renan, Cury, Marçal, Samara, Grassi, Pimenta); includes non-final candidates: Marçal",https://www.poder360.com.br/poder-eleicoes-2026/lula-tem-471-contra-426-de-flavio-no-2o-turno-diz-pesquisa/,AtlasIntel,0.3,"Lula/Flávio figures found in fetched source text; blank/null & undecided from source; TSE match approx (TSE 2026-08-25..2026-08-30, n=5000)"
Nexus,2026-08-28,2026-08-30,2026-08-31,2005,telefone,BR-08900/2026,39.0,33.0,5.0,1.0,3.0,11.0,1.0,,,"Scenario 1 of 2 on pt.wikipedia (Lula, Flávio, Caiado, Zema, Renan, Cury, Samara, Grassi, Clariana, Dias, Costa, Pimenta)",https://www.poder360.com.br/poder-eleicoes-2026/lula-tem-46-ante-45-de-flavio-no-2o-turno-diz-btg-nexus/,BTG/Nexus,6.0,"manual: source text (Poder360: scenario without Marçal, Lula 39 / Flávio 33); TSE match approx (TSE 2026-08-28..2026-08-30, n=2000)"
PoderData,2026-08-23,2026-08-26,2026-08-27,2400,telefone,BR-04974/2026,38.0,35.0,4.0,2.0,4.0,4.0,7.0,5.0,2.0,"Single scenario on pt.wikipedia (Lula, Flávio, Caiado, Zema, Renan, Cury, Marçal, Samara, Grassi, Clariana, Dias, Costa, Pimenta); includes non-final candidates: Marçal",https://www.poder360.com.br/poderdata/poderdata-aya-lula-tem-38-contra-35-de-flavio-no-1o-turno/,PoderData/Aya,7.0,"Lula/Flávio figures found in fetched source text; blank/null & undecided from source; TSE match approx (TSE 2026-08-23..2026-08-26, n=2400)"
Nexus,2026-08-21,2026-08-23,2026-08-24,2006,telefone,BR-09028/2026,41.0,37.0,5.0,3.0,3.0,2.0,1.0,,,"Scenario 1 of 2 on pt.wikipedia (Lula, Flávio, Caiado, Zema, Renan, Cury, Samara, Grassi, Clariana, Dias, Costa, Pimenta)",https://www.poder360.com.br/poder-eleicoes-2026/lula-tem-46-contra-45-de-flavio-no-2o-turno-diz-btg-nexus/,BTG/Nexus,8.0,"Lula/Flávio figures found in fetched source text; TSE match approx (TSE 2026-08-21..2026-08-23, n=2000)"
Datafolha,2026-08-18,2026-08-20,2026-08-21,2058,presencial,BR-04496/2026,39.0,33.0,5.0,3.0,4.0,2.0,4.0,6.0,4.0,"Scenario 1 of 2 on pt.wikipedia (Lula, Flávio, Caiado, Zema, Renan, Cury, Samara, Grassi, Clariana, Dias, Costa, Pimenta)",https://g1.globo.com/politica/eleicoes/2026/pesquisa-eleitoral/noticia/2026/08/21/datafolha-primeiro-turno-21-agosto.ghtml,Datafolha,10.0,Lula/Flávio figures found in fetched source text; blank/null & undecided from source
Nexus,2026-08-14,2026-08-16,2026-08-17,2003,telefone,BR-03317/2026,41.0,36.0,5.0,4.0,4.0,1.0,1.0,,,"Single scenario on pt.wikipedia (Lula, Flávio, Caiado, Zema, Renan, Cury, Samara, Grassi, Clariana, Dias, Costa, Pimenta); Outros = Heró Bezerra (PRTB)",https://noticias.uol.com.br/eleicoes/2026/08/17/btgnexus-pesquisa-presidencial.ghtm,BTG/Nexus,7.0,"Lula/Flávio figures found in fetched source text; TSE match approx (TSE 2026-08-14..2026-08-16, n=2000)"
Quaest,2026-08-10,2026-08-13,2026-08-14,2004,presencial,BR-06773/2026,38.0,31.0,4.0,2.0,4.0,2.0,1.0,8.0,10.0,"Single scenario on pt.wikipedia (Lula, Flávio, Caiado, Zema, Renan, Cury, Samara, Grassi, Clariana, Dias, Costa, Pimenta); Outros = Leonardo Avalanche (PRTB): 0%",https://g1.globo.com/politica/eleicoes/2026/pesquisa-eleitoral/noticia/2026/08/14/quaest-presidente-1o-turno-14-agosto.ghtml,Genial/Quaest,18.0,Lula/Flávio figures found in fetched source text; blank/null & undecided from source
PoderData,2026-08-09,2026-08-12,2026-08-13,2400,telefone,BR-06868/2026,41.0,35.0,4.0,3.0,4.0,3.0,3.0,4.0,2.0,"Single scenario on pt.wikipedia (Lula, Flávio, Caiado, Zema, Renan, Cury, Clariana, Pimenta); Outros = Leonardo Avalanche (PRTB): 1%",https://www.poder360.com.br/poderdata/lula-tem-46-contra-45-de-flavio-no-2o-turno-diz-poderdata-aya/,PoderData/Aya,6.0,"Lula/Flávio figures found in fetched source text; blank/null & undecided from source; TSE match approx (TSE 2026-08-09..2026-08-12, n=2400)"
MDA,2026-08-05,2026-08-09,2026-08-11,2002,presencial,BR-06935/2026,42.4,28.7,4.0,3.3,2.8,1.2,3.4,6.8,7.2,"Single scenario on pt.wikipedia (Lula, Flávio, Caiado, Zema, Renan, Cury, Samara, Pimenta); Outros = Outros não especificados",https://admin.cnnbrasil.com.br/wp-content/uploads/sites/12/2026/08/Relatorio-Pesquisa-CNT-de-Opiniao-R169-AGOSTO26_7486.pdf,CNT/MDA,14.0,Lula/Flávio figures found in fetched source text
Nexus,2026-08-07,2026-08-09,2026-08-10,2001,telefone,BR-08428/2026,40.0,35.0,5.0,3.0,4.0,1.0,3.0,5.0,3.0,"Single scenario on pt.wikipedia (Lula, Flávio, Caiado, Zema, Renan, Cury, Samara, Grassi, Dias, Costa, Pimenta); Outros = Cabo Daciolo (MOBILIZA): 1%; Heró Bezerra (PRTB): 0%",https://www.gazetadopovo.com.br/eleicoes/2026/pesquisa-eleitoral-2026/nexus-btg-pactual-presidente-agosto-2026-2/,BTG/Nexus,8.0,"Lula/Flávio figures found in fetched source text; blank/null & undecided from source; TSE match approx (TSE 2026-08-07..2026-08-09, n=2000)"
Futura,2026-08-03,2026-08-07,2026-08-11,2000,telefone,BR-08109/2026,38.8,34.1,5.9,3.6,3.6,1.2,2.0,6.2,4.8,"Scenario 2 of 2 on pt.wikipedia (Lula, Flávio, Caiado, Zema, Renan, Cury, Samara, Dias, Costa, Pimenta); Outros = Cabo Daciolo (MOBILIZA)",https://www.gazetadopovo.com.br/eleicoes/2026/pesquisa-eleitoral-2026/futura-inteligencia-presidente-agosto-2026/,Apex/Futura,11.0,"Lula/Flávio figures found in fetched source text; blank/null & undecided from source; TSE match approx (TSE 2026-08-03..2026-08-06, n=2000)"
Ideia,2026-07-31,2026-08-03,2026-08-05,1500,telefone,BR-04579/2026,43.0,35.0,5.7,2.6,4.7,1.7,1.3,2.0,4.0,"Single scenario on pt.wikipedia (Lula, Flávio, Caiado, Zema, Renan, Cury, Samara, Dias, Costa, Pimenta); Outros = Cabo Daciolo (MOBILIZA)",https://www.gazetadopovo.com.br/eleicoes/2026/pesquisa-eleitoral-2026/meio-ideia-presidente-agosto-2026/,Meio/Ideia,6.0,Lula/Flávio figures found in fetched source text; blank/null & undecided from source
Quaest,2026-07-31,2026-08-03,2026-08-05,2004,presencial,BR-06591/2026,39.0,30.0,4.0,2.0,4.0,1.0,2.0,8.0,10.0,"Single scenario on pt.wikipedia (Lula, Flávio, Caiado, Zema, Renan, Cury, Samara, Clariana, Dias, Costa); Outros = Cabo Daciolo (MOBILIZA): 1%; Leonardo Avalanche (PRTB): 0%",https://www.gazetadopovo.com.br/eleicoes/2026/pesquisa-eleitoral-2026/genial-quaest-presidente-agosto-2026/,Genial/Quaest,18.0,Lula/Flávio figures found in fetched source text; blank/null & undecided from source
Nexus,2026-07-31,2026-08-02,2026-08-03,2002,telefone,BR-02874/2026,41.0,37.0,5.0,3.0,4.0,1.0,2.0,4.0,3.0,"Single scenario on pt.wikipedia (Lula, Flávio, Caiado, Zema, Renan, Cury, Samara, Dias, Costa, Pimenta); Outros = Cabo Daciolo (MOBILIZA): 1%; Heró Bezerra (PRTB): 0%",https://www.gazetadopovo.com.br/eleicoes/2026/pesquisa-eleitoral-2026/nexus-btg-pactual-presidente-agosto-2026/,BTG/Nexus,7.0,"Lula/Flávio figures found in fetched source text; blank/null & undecided from source; TSE match approx (TSE 2026-07-31..2026-08-02, n=2000)"
PoderData,2026-07-26,2026-07-28,2026-07-30,2400,telefone,BR-07845/2026,41.0,35.0,5.0,3.0,4.0,3.0,,5.0,4.0,"Single scenario on pt.wikipedia (Lula, Flávio, Caiado, Zema, Renan, Cury)",https://www.gazetadopovo.com.br/eleicoes/2026/pesquisa-eleitoral-2026/poderdata-presidente-pesquisa-julho-2026/,PoderData/Aya,9.0,"Lula/Flávio figures found in fetched source text; blank/null & undecided from source; TSE match approx (TSE 2026-07-26..2026-07-29, n=2400)"
AtlasIntel,2026-07-22,2026-07-27,2026-07-28,5021,online,BR-08602/2026,44.9,35.8,3.1,2.8,7.8,1.6,2.3,0.6,1.0,"Scenario 1 of 3 on pt.wikipedia (Lula, Flávio, Caiado, Zema, Renan, Daciolo, Cury, Samara, Dias, Costa, Pimenta); includes non-final candidates: Daciolo",https://www.gazetadopovo.com.br/eleicoes/2026/pesquisa-eleitoral-2026/atlasintel-presidente-julho-2026-2/,AtlasIntel,1.6,"Lula/Flávio figures found in fetched source text; blank/null & undecided from source; TSE match approx (TSE 2026-07-22..2026-07-27, n=5000)"
Nexus,2026-07-24,2026-07-26,2026-07-27,2004,telefone,BR-01489/2026,42.0,33.0,6.0,3.0,5.0,2.0,1.0,6.0,2.0,"Single scenario on pt.wikipedia (Lula, Flávio, Caiado, Zema, Renan, Daciolo, Cury); includes non-final candidates: Daciolo",https://www.gazetadopovo.com.br/eleicoes/2026/pesquisa-eleitoral-2026/nexus-btg-pactual-presidente-julho-2026-2/,BTG/Nexus,8.0,"Lula/Flávio figures found in fetched source text; blank/null & undecided from source; TSE match approx (TSE 2026-07-24..2026-07-26, n=2000)"
Datafolha,2026-07-22,2026-07-24,2026-07-24,2004,presencial,BR-01166/2026,40.0,32.0,4.0,3.0,3.0,2.0,3.0,9.0,1.0,"Single scenario on pt.wikipedia (Lula, Flávio, Caiado, Zema, Renan, Daciolo, Cury, Samara, Dias, Costa, Pimenta); includes non-final candidates: Daciolo; Outros = Leonardo Avalanche (PRTB)",https://g1.globo.com/politica/eleicoes/2026/pesquisa-eleitoral/noticia/2026/07/24/datafolha-2o-turno-lula-tem-48percent-e-flavio-bolsonaro-43percent.ghtml,Datafolha,11.0,Lula/Flávio figures found in fetched source text; blank/null & undecided from source
Real Time Big Data,2026-07-18,2026-07-20,2026-07-21,2000,telefone+online,BR-09247/2026,40.0,33.0,7.0,2.0,9.0,1.0,2.0,,,"Single scenario on pt.wikipedia (Lula, Flávio, Caiado, Zema, Renan, Cury, Barbosa); includes non-final candidates: Barbosa; Outros = Outros não especificados",https://admin.cnnbrasil.com.br/wp-content/uploads/sites/12/2026/07/Real-Time-arquivo-comprimido.pdf,Real Time Big Data,6.0,Lula/Flávio figures found in fetched source text; article quotes BR-05864/2026
PoderData,2026-07-12,2026-07-15,2026-07-16,2400,telefone,BR-00059/2026,40.0,34.0,4.0,4.0,6.0,3.0,,,,"Single scenario on pt.wikipedia (Lula, Flávio, Caiado, Zema, Renan, Cury)",https://jovempan.com.br/politica/poderdata-aya-lula-marca-40-e-flavio-34-no-1o-turno-2o-tem-empate-tecnico/,PoderData/Aya,10.0,"Lula/Flávio figures found in fetched source text; TSE match approx (TSE 2026-07-12..2026-07-15, n=2400)"
Quaest,2026-07-10,2026-07-13,2026-07-15,2004,presencial,BR-07181/2026,40.0,28.0,4.0,2.0,3.0,1.0,3.0,,,"Single scenario on pt.wikipedia (Lula, Flávio, Caiado, Zema, Renan, Daciolo, Cury, Barbosa, Samara, Dias, Costa); includes non-final candidates: Barbosa, Daciolo; Outros = Heró Bezerra (PRTB)",https://www.poder360.com.br/poder-eleicoes/lula-tem-45-contra-37-de-flavio-no-2o-turno-diz-quaest/,Genial/Quaest,19.0,Lula/Flávio figures found in fetched source text
Nexus,2026-07-10,2026-07-12,2026-07-13,2003,telefone,BR-07981/2026,40.0,34.0,5.0,4.0,4.0,2.0,3.0,6.0,3.0,"Single scenario on pt.wikipedia (Lula, Flávio, Caiado, Zema, Renan, Aécio, Daciolo, Cury, Barbosa); includes non-final candidates: Aécio, Barbosa, Daciolo",https://www.gazetadopovo.com.br/eleicoes/2026/pesquisa-eleitoral-2026/nexus-btg-pactual-presidente-julho-2026/,BTG/Nexus,9.0,"Lula/Flávio figures found in fetched source text; blank/null & undecided from source; TSE match approx (TSE 2026-07-10..2026-07-12, n=2000)"
Futura,2026-07-07,2026-07-11,2026-07-14,2000,telefone,BR-07294/2026,40.1,36.8,5.0,3.7,2.6,1.1,2.1,,,"Scenario 1 of 4 on pt.wikipedia (Lula, Flávio, Caiado, Zema, Renan, Daciolo, Cury, Barbosa); includes non-final candidates: Barbosa, Daciolo",https://www.poder360.com.br/poder-eleicoes/lula-e-flavio-empatam-no-2o-turno-diz-futura-apex/,Apex/Futura,8.7,figures not found in fetched source text (pt.wikipedia value; en.wikipedia: match L/F)
Ideia,2026-07-03,2026-07-06,2026-07-08,1500,telefone,BR-05628/2026,40.4,32.0,4.0,2.5,2.0,1.5,4.0,,,"Scenario 1 of 2 on pt.wikipedia (Lula, Flávio, Caiado, Zema, Renan, Aécio, Daciolo, Cury, Barbosa, Samara, Dias, Costa, Pimenta); includes non-final candidates: Aécio, Barbosa, Daciolo; Outros = Outros não especificados",https://www.poder360.com.br/poder-eleicoes/lula-e-flavio-estao-tecnicamente-empatados-no-2o-turno-diz-pesquisa/,Meio/Ideia,13.6,"sample = 1,500 per Poder360 and TSE (BR-05628/2026); pt.wikipedia had 2,000; Lula/Flávio figures found in fetched source text; TSE match approx (TSE 2026-07-03..2026-07-06, n=1500)"
AtlasIntel,2026-06-26,2026-06-30,2026-07-01,4999,online,BR-04582/2026,46.3,36.6,2.9,2.0,7.8,0.5,2.7,1.1,0.1,"Scenario 1 of 5 on pt.wikipedia (Lula, Flávio, Caiado, Zema, Renan, Aécio, Daciolo, Cury, Barbosa, Samara, Dias, Costa, Pimenta); includes non-final candidates: Aécio, Barbosa, Daciolo",https://www.gazetadopovo.com.br/eleicoes/2026/pesquisa-eleitoral-2026/atlasintel-presidente-julho-2026/,AtlasIntel,1.2,"Lula/Flávio figures found in fetched source text; blank/null & undecided from source; TSE match approx (TSE 2026-06-25..2026-06-30, n=5000)"
Nexus,2026-06-26,2026-06-28,2026-06-29,2009,telefone,BR-08521/2026,42.0,35.0,5.0,3.0,4.0,1.0,3.0,5.0,3.0,"Scenario 1 of 2 on pt.wikipedia (Lula, Flávio, Caiado, Zema, Renan, Aécio, Daciolo, Cury, Barbosa); includes non-final candidates: Aécio, Barbosa, Daciolo",https://www.cartacapital.com.br/politica/os-numeros-da-nova-pesquisa-nexus-btg-para-o-primeiro-turno-da-eleicao-presidencial/,BTG/Nexus,8.0,"Lula/Flávio figures found in fetched source text; blank/null & undecided from source; TSE match approx (TSE 2026-06-26..2026-06-28, n=2000)"
PoderData,2026-06-21,2026-06-24,2026-06-25,2400,telefone,BR-05722/2026,40.0,36.0,4.0,3.0,4.0,3.0,3.0,5.0,3.0,"Single scenario on pt.wikipedia (Lula, Flávio, Caiado, Zema, Renan, Cury, Barbosa); includes non-final candidates: Barbosa",https://www.cartacapital.com.br/politica/os-numeros-da-nova-pesquisa-poder-aya-para-a-presidencia/,PoderData/Aya,8.0,"Lula/Flávio figures found in fetched source text; blank/null & undecided from source; TSE match approx (TSE 2026-06-21..2026-06-24, n=2400)"
Datafolha,2026-06-17,2026-06-19,2026-06-19,2004,presencial,BR-09956/2026,41.0,31.0,3.0,2.0,3.0,2.0,7.0,7.0,4.0,"Single scenario on pt.wikipedia (Lula, Flávio, Caiado, Zema, Renan, Aécio, Daciolo, Cury, Barbosa, Samara, Dias, Costa, Pimenta); includes non-final candidates: Aécio, Barbosa, Daciolo",https://g1.globo.com/politica/eleicoes/2026/pesquisa-eleitoral/noticia/2026/06/20/datafolha-lula-tem-41percent-e-flavio-bolsonaro-31percent-das-intencoes-de-voto-no-1o-turno.ghtml,Datafolha,11.0,Lula/Flávio figures found in fetched source text; blank/null & undecided from source
MDA,2026-06-10,2026-06-14,2026-06-16,2002,presencial,BR-04256/2026,41.8,28.2,4.0,2.8,2.0,1.8,4.2,7.0,7.9,"Single scenario on pt.wikipedia (Lula, Flávio, Caiado, Zema, Renan, Cury, Barbosa); includes non-final candidates: Barbosa; Outros = Michel Temer (MDB)",https://www.poder360.com.br/poder-pesquisas/cnt-42-dizem-votar-em-lula-mas-so-21-se-veem-como-de-esquerda/,CNT/MDA,14.9,Lula/Flávio figures found in fetched source text; blank/null & undecided from source
Nexus,2026-06-12,2026-06-14,2026-06-15,2017,telefone,BR-06645/2026,42.0,33.0,4.0,2.0,4.0,2.0,4.0,,,"Scenario 1 of 2 on pt.wikipedia (Lula, Flávio, Caiado, Zema, Renan, Aécio, Daciolo, Cury, Barbosa); includes non-final candidates: Aécio, Barbosa, Daciolo",https://www.poder360.com.br/poder-eleicoes/lula-tem-49-contra-43-de-flavio-no-2o-turno-diz-nexus/,BTG/Nexus,8.0,"Lula/Flávio figures found in fetched source text; TSE match approx (TSE 2026-06-12..2026-06-14, n=2000)"
Futura,2026-06-08,2026-06-12,2026-06-16,2000,telefone,BR-01461/2026,41.6,34.1,4.5,3.5,2.3,0.9,3.2,6.3,3.7,"Scenario 1 of 3 on pt.wikipedia (Lula, Flávio, Caiado, Zema, Renan, Daciolo, Cury, Barbosa); includes non-final candidates: Barbosa, Daciolo",https://www.poder360.com.br/poder-pesquisas/lula-tem-481-e-flavio-429-em-eventual-2o-turno-diz-pesquisa/,Apex/Futura,10.0,Lula/Flávio figures found in fetched source text; blank/null & undecided from source
Quaest,2026-06-05,2026-06-08,2026-06-10,2004,presencial,BR-07661/2026,39.0,29.0,3.0,2.0,3.0,1.0,4.0,,,"Single scenario on pt.wikipedia (Lula, Flávio, Caiado, Zema, Renan, Aécio, Daciolo, Cury, Barbosa, Samara, Costa); includes non-final candidates: Aécio, Barbosa, Daciolo; Outros = Hero Bezerra (PRTB)",https://www.poder360.com.br/poder-eleicoes/lula-tem-44-contra-38-de-flavio-diz-quaest/,Genial/Quaest,19.0,Lula/Flávio figures found in fetched source text
Real Time Big Data,2026-05-29,2026-05-30,2026-06-01,2000,presencial,BR-05864/2026,38.0,31.0,6.0,5.0,6.0,1.0,4.0,3.0,4.0,"Scenario 1 of 2 on pt.wikipedia (Lula, Flávio, Caiado, Zema, Renan, Rebelo, Aécio, Daciolo, Cury, Samara, Dias, Costa, Pimenta); includes non-final candidates: Aécio, Daciolo, Rebelo; TIE with scenario(s) [2]",https://www.cartacapital.com.br/politica/a-disputa-pela-presidencia-no-1o-turno-segundo-nova-pesquisa-real-time-big-data-2/,Real Time Big Data,8.0,Lula/Flávio figures found in fetched source text; blank/null & undecided from source
PoderData,2026-05-25,2026-05-28,2026-05-29,2400,telefone,BR-04882/2026,40.0,35.0,3.0,4.0,3.0,3.0,3.0,6.0,3.0,"Single scenario on pt.wikipedia (Lula, Flávio, Caiado, Zema, Renan, Barbosa, Cury); includes non-final candidates: Barbosa",https://www.cartacapital.com.br/politica/os-numeros-da-primeira-pesquisa-poder-aya-para-a-presidencia/,PoderData/Aya,9.0,"Lula/Flávio figures found in fetched source text; blank/null & undecided from source; TSE match approx (TSE 2026-05-25..2026-05-28, n=2400)"
Ideia,2026-05-23,2026-05-27,2026-05-28,1500,telefone,BR-02918/2026,38.5,31.5,5.5,2.4,2.1,,4.4,5.1,10.5,"Scenario 1 of 4 on pt.wikipedia (Lula, Flávio, Caiado, Zema, Renan); not tested: Cury",https://www.gazetadopovo.com.br/eleicoes/2026/pesquisa-eleitoral-2026/meio-ideia-presidente-maio-2026-2/,Meio/Ideia,15.6,Lula/Flávio figures found in fetched source text; blank/null & undecided from source
Nexus,2026-05-22,2026-05-24,2026-05-25,2045,telefone,BR-04193/2026,40.0,35.0,5.0,4.0,3.0,1.0,3.0,7.0,2.0,"Scenario 2 of 2 on pt.wikipedia (Lula, Flávio, Caiado, Zema, Renan, Barbosa, Daciolo, Cury); includes non-final candidates: Barbosa, Daciolo",https://www.cartacapital.com.br/politica/os-numeros-da-nova-pesquisa-nexus-btg-a-presidencia/,BTG/Nexus,9.0,"Lula/Flávio figures found in fetched source text; blank/null & undecided from source; TSE match approx (TSE 2026-05-22..2026-05-24, n=2000)"
Datafolha,2026-05-20,2026-05-21,2026-05-22,2004,presencial,BR-07489/2026,40.0,31.0,4.0,3.0,3.0,2.0,6.0,9.0,3.0,"Scenario 1 of 2 on pt.wikipedia (Lula, Flávio, Caiado, Zema, Renan, Rebelo, Daciolo, Cury, Samara, Dias, Pimenta); includes non-final candidates: Daciolo, Rebelo",https://g1.globo.com/politica/eleicoes/2026/noticia/2026/05/22/datafolha-2o-turno-lula-flavio.ghtml,Datafolha,12.0,"Lula/Flávio figures found in fetched source text; blank/null & undecided from source; TSE match approx (TSE 2026-05-20..2026-05-22, n=2004)"
Futura,2026-05-15,2026-05-20,2026-05-21,2000,telefone,BR-06529/2026,42.7,35.6,3.3,3.9,1.7,0.9,1.4,,,"Scenario 3 of 3 on pt.wikipedia (Lula, Flávio, Caiado, Zema, Renan, Rebelo, Daciolo, Cury); includes non-final candidates: Daciolo, Rebelo",https://noticias.uol.com.br/politica/ultimas-noticias/2026/05/22/futuraapex-lula-aparecem-a-frente-de-flavio-em-1-e-2-turnos.ghtm,Apex/Futura,10.6,"Lula/Flávio figures found in fetched source text; TSE match approx (TSE 2026-05-15..2026-05-21, n=2000)"
AtlasIntel,2026-05-13,2026-05-18,2026-05-19,5032,online,BR-06939/2026,47.0,34.3,2.7,5.2,6.9,0.4,0.2,1.4,1.9,"Scenario 3 of 3 on pt.wikipedia (Lula, Flávio, Caiado, Zema, Renan, Rebelo, Cury); includes non-final candidates: Rebelo",https://www.poder360.com.br/poder-eleicoes/lula-tem-489-contra-418-de-flavio-no-2o-turno-diz-atlasintel/,AtlasIntel,3.3,"Lula/Flávio figures found in fetched source text; blank/null & undecided from source; TSE match approx (TSE 2026-05-13..2026-05-18, n=5000)"
Datafolha,2026-05-12,2026-05-14,2026-05-15,2004,presencial,BR-00290/2026,38.0,35.0,3.0,3.0,2.0,2.0,4.0,9.0,9.0,"Single scenario on pt.wikipedia (Lula, Flávio, Caiado, Zema, Renan, Daciolo, Cury, Samara, Pimenta); includes non-final candidates: Daciolo",https://www.gazetadopovo.com.br/eleicoes/2026/pesquisa-eleitoral-2026/datafolha-presidente-maio-2026/,Datafolha,18.0,"source text (Gazeta do Povo/g1): published figures sum to 105 (rounding, blank/null 9 + undecided 9); Lula/Flávio figures found in fetched source text; blank/null & undecided from source"
Quaest,2026-05-08,2026-05-11,2026-05-13,2004,presencial,BR-03598/2026,39.0,33.0,4.0,4.0,2.0,1.0,2.0,10.0,5.0,"Single scenario on pt.wikipedia (Lula, Flávio, Caiado, Zema, Renan, Rebelo, Daciolo, Cury, Samara, Costa); includes non-final candidates: Daciolo, Rebelo",https://www.gazetadopovo.com.br/eleicoes/2026/pesquisa-eleitoral-2026/genial-quaest-presidente-maio-2026/,Genial/Quaest,15.0,Lula/Flávio figures found in fetched source text; blank/null & undecided from source
Futura,2026-05-04,2026-05-08,2026-05-11,2000,telefone,BR-03678/2026,38.3,36.1,4.4,3.6,1.5,1.4,5.1,,,"Scenario 3 of 3 on pt.wikipedia (Lula, Flávio, Caiado, Zema, Renan, Rebelo, Daciolo, Cury); includes non-final candidates: Daciolo, Gomes, Rebelo; Outros = Ciro Gomes (PSDB) com 4,4%; TIE with scenario(s) [2]",https://www.cnnbrasil.com.br/eleicoes/futura-apex-lula-e-flavio-tem-empate-tecnico-no-1o-turno/,Apex/Futura,9.6,figures not found in fetched source text (pt.wikipedia value; en.wikipedia: match L/F)
Ideia,2026-05-01,2026-05-05,2026-05-06,1500,telefone,BR-05356/2026,40.0,36.0,5.6,3.0,1.4,1.5,3.4,,,"Single scenario (Lula, Flávio, Caiado, Zema, Ciro Gomes, Cury, Renan, Rebelo, Daciolo, Samara, Dias, Costa, Pimenta); includes non-final candidates: Ciro Gomes 2.3 (per CNN Brasil; omitted in pt.wikipedia), Rebelo, Daciolo",https://www.cnnbrasil.com.br/eleicoes/meio-ideia-lula-tem-40-e-flavio-36-no-1o-turno/,Meio/Ideia,9.1,"manual: CNN Brasil lists Ciro Gomes 2.3%, missing from pt.wikipedia row (row summed to 97.7); added to others_total; Lula/Flávio figures found in fetched source text"
Real Time Big Data,2026-05-02,2026-05-04,2026-05-05,2000,presencial,BR-03627/2026,40.0,34.0,5.0,4.0,3.0,1.0,2.0,6.0,5.0,"Scenario 1 of 2 on pt.wikipedia (Lula, Flávio, Caiado, Zema, Renan, Rebelo, Daciolo, Cury, Samara, Dias, Costa, Pimenta); includes non-final candidates: Daciolo, Rebelo",https://www.gazetadopovo.com.br/eleicoes/2026/pesquisa-eleitoral-2026/real-time-big-data-presidente-maio-2026/,Real Time Big Data,11.0,"source text (Gazeta do Povo): Nulo/branco 6%, NS/NR 5% - pt.wikipedia combined value (9) corrected to 11; Lula/Flávio figures found in fetched source text"
AtlasIntel,2026-04-22,2026-04-27,2026-04-28,5008,online,BR-07992/2026,46.6,39.7,3.3,3.1,5.3,1.1,0.3,0.5,0.1,"Scenario 1 of 3 on pt.wikipedia (Lula, Flávio, Caiado, Zema, Renan, Rebelo, Cury); includes non-final candidates: Rebelo",https://www.cnnbrasil.com.br/eleicoes/atlas-bloomberg-lula-tem-466-dos-votos-no-1o-turno-flavio-397/,AtlasIntel,0.6,"manual: source text (CNN Brasil); pt.wikipedia had Lula 46.7 / Cury 1.0; TSE match approx (TSE 2026-04-22..2026-04-27, n=5000)"
Nexus,2026-04-24,2026-04-26,2026-04-27,2028,telefone,BR-01075/2026,41.0,36.0,3.0,4.0,3.0,2.0,2.0,6.0,2.0,"Scenario 3 of 3 on pt.wikipedia (Lula, Flávio, Caiado, Zema, Renan, Rebelo, Daciolo, Cury); includes non-final candidates: Daciolo, Rebelo",https://www.cartacapital.com.br/politica/a-disputa-pela-presidencia-no-1o-turno-segundo-nova-pesquisa-nexus/,BTG/Nexus,8.0,"Lula/Flávio figures found in fetched source text; blank/null & undecided from source; TSE match approx (TSE 2026-04-24..2026-04-26, n=2000)"
Quaest,2026-04-09,2026-04-13,2026-04-15,2004,presencial,BR-09285/2026,37.0,32.0,6.0,3.0,2.0,2.0,2.0,11.0,5.0,"Single scenario on pt.wikipedia (Lula, Flávio, Caiado, Zema, Renan, Rebelo, Daciolo, Cury, Samara); includes non-final candidates: Daciolo, Rebelo",https://www.gazetadopovo.com.br/eleicoes/2026/pesquisa-eleitoral-2026/quaest-presidente-abril-2026/,Genial/Quaest,16.0,"Lula/Flávio figures found in fetched source text; blank/null & undecided from source; TSE match approx (TSE 2026-04-10..2026-04-13, n=2004)"
MDA,2026-04-08,2026-04-12,2026-04-14,2002,presencial,BR-02847/2026,39.2,30.2,4.6,3.3,1.8,,1.5,,,"Single scenario on pt.wikipedia (Lula, Flávio, Caiado, Zema, Renan, Rebelo); includes non-final candidates: Rebelo; not tested: Cury",https://www.cnnbrasil.com.br/eleicoes/pesquisa-cnt-mda-lula-tem-449-e-flavio-402-no-2o-turno/,CNT/MDA,19.3,Lula/Flávio figures found in fetched source text
Futura,2026-04-07,2026-04-11,2026-04-14,2000,telefone,BR-08282/2026,39.8,37.3,4.8,2.9,1.4,1.3,0.8,7.1,4.5,"Scenario 3 of 3 on pt.wikipedia (Lula, Flávio, Caiado, Zema, Renan, Rebelo, Daciolo, Cury); includes non-final candidates: Daciolo, Rebelo",https://www.cnnbrasil.com.br/eleicoes/futura-apex-lula-e-flavio-empatam-em-cenarios-de-1o-turno/,Apex/Futura,11.6,Lula/Flávio figures found in fetched source text
Datafolha,2026-04-07,2026-04-09,2026-04-11,2004,presencial,BR-03770/2026,39.0,35.0,5.0,4.0,2.0,,2.0,10.0,4.0,"Single scenario on pt.wikipedia (Lula, Flávio, Caiado, Zema, Renan, Rebelo, Daciolo); includes non-final candidates: Daciolo, Rebelo; not tested: Cury",https://www1.folha.uol.com.br/poder/2026/04/datafolha-lula-perde-vantagem-e-empata-com-flavio-caiado-e-zema-no-2o-turno.shtml,Datafolha,14.0,Lula/Flávio figures found in fetched source text; blank/null & undecided from source
Ideia,2026-04-03,2026-04-07,2026-04-08,1500,telefone,BR-00605/2026,40.4,37.0,6.5,3.0,3.0,,0.6,1.0,8.5,"Single scenario on pt.wikipedia (Lula, Flávio, Caiado, Zema, Renan, Rebelo); includes non-final candidates: Rebelo; not tested: Cury",https://www.gazetadopovo.com.br/eleicoes/2026/pesquisa-eleitoral-2026/meio-ideia-pesquisa-presidente-abril-2026/,Meio/Ideia,9.5,Lula/Flávio figures found in fetched source text; blank/null & undecided from source
Nexus,2026-03-27,2026-03-29,2026-03-30,2000,telefone,BR-07875/2026,41.0,38.0,4.0,4.0,2.0,,0.0,,,"Scenario 3 of 3 on pt.wikipedia (Lula, Flávio, Caiado, Zema, Renan, Rebelo); includes non-final candidates: Rebelo; not tested: Cury",https://noticias.uol.com.br/ultimas-noticias/agencia-estado/2026/03/30/btgnexus-lula-e-flavio-bolsonaro-empatam-em-46-em-eventual-2-turno-da-corrida-presidencial.htm,BTG/Nexus,10.0,figures not found in fetched source text (pt.wikipedia value; en.wikipedia: match L/F)
Paraná Pesquisas,2026-03-25,2026-03-28,2026-03-30,2080,presencial,BR-00873/2026,41.3,37.8,3.6,3.0,1.2,,1.1,,,"Single scenario on pt.wikipedia (Lula, Flávio, Caiado, Zema, Renan, Rebelo); includes non-final candidates: Rebelo; not tested: Cury",https://www.cnnbrasil.com.br/eleicoes/parana-pesquisas-flavio-tem-452-contra-441-de-lula-no-2o-turno/,Paraná Pesquisas,12.0,Lula/Flávio figures found in fetched source text
AtlasIntel,2026-03-18,2026-03-23,2026-03-24,5028,online,BR-04227/2026,45.9,40.1,3.7,3.1,4.4,,0.6,1.9,0.3,"Scenario 6 of 6 on pt.wikipedia (Lula, Flávio, Caiado, Zema, Renan, Rebelo); includes non-final candidates: Rebelo; not tested: Cury",https://www.poder360.com.br/poder-pesquisas/lula-lidera-em-todos-os-cenarios-de-1o-turno-diz-atlasintel/,AtlasIntel,2.2,"Lula/Flávio figures found in fetched source text; blank/null & undecided from source; TSE match approx (TSE 2026-03-18..2026-03-23, n=5000)"
Ideia,2026-03-06,2026-03-10,2026-03-11,1500,telefone,BR-00386/2026,40.0,35.0,5.0,5.0,2.0,,1.0,,,"Scenario 2 of 4 on pt.wikipedia (Lula, Flávio, Caiado, Zema, Renan, Rebelo); includes non-final candidates: Rebelo; not tested: Cury",https://www.poder360.com.br/poder-eleicoes/lula-empata-com-flavio-e-tarcisio-no-2o-turno-diz-meio-ideia/,Meio/Ideia,12.0,"source text (Poder360) gives rounded integers (Lula 40, Flávio 35); en.wikipedia lists 40.3 / 35.0 from the Meio/Ideia PDF (chart image, not machine-readable) - rounded values kept; Lula/Flávio figures found in fetched source text"
Quaest,2026-03-06,2026-03-09,2026-03-11,2004,presencial,BR-05809/2026,39.0,32.0,4.0,2.0,1.0,,1.0,16.0,5.0,"Scenario 6 of 7 on pt.wikipedia (Lula, Flávio, Caiado, Zema, Renan, Rebelo); includes non-final candidates: Rebelo; not tested: Cury",https://www.cnnbrasil.com.br/eleicoes/quaest-lula-e-flavio-empatam-em-maioria-de-cenarios-de-1o-turno/,Genial/Quaest,21.0,Lula/Flávio figures found in fetched source text; blank/null & undecided from source
Futura,2026-03-02,2026-03-06,2026-03-11,2000,telefone,BR-06607/2026,35.1,41.9,5.7,,2.0,,2.1,10.1,3.0,"Scenario 4 of 5 on pt.wikipedia (Lula, Flávio, Caiado, Renan, Rebelo); includes non-final candidates: Rebelo; not tested: Zema, Cury",https://www.gazetadopovo.com.br/eleicoes/2026/pesquisa-eleitoral-2026/futura-inteligencia-presidente-marco-2026/,Apex/Futura,13.1,Lula/Flávio figures found in fetched source text; blank/null & undecided from source
Datafolha,2026-03-03,2026-03-05,2026-03-05,2004,presencial,BR-03715/2026,39.0,33.0,4.0,5.0,3.0,,2.0,,,"Scenario 4 of 5 on pt.wikipedia (Lula, Flávio, Caiado, Zema, Renan, Rebelo); includes non-final candidates: Rebelo; not tested: Cury",https://g1.globo.com/politica/eleicoes/2026/noticia/2026/03/07/datafolha-lula-tem-46percent-e-flavio-bolsonaro-43percent-das-intencoes-de-voto-no-2o-turno-diz-pesquisa.ghtml,Datafolha,15.0,figures not found in fetched source text (pt.wikipedia value; en.wikipedia: match L/F)
Real Time Big Data,2026-02-28,2026-03-02,2026-03-03,2000,presencial,BR-09353/2026,40.0,33.0,5.0,3.0,2.0,,2.0,7.0,8.0,"Scenario 1 of 3 on pt.wikipedia (Lula, Flávio, Caiado, Zema, Renan, Rebelo); includes non-final candidates: Rebelo; not tested: Cury",https://www.cnnbrasil.com.br/eleicoes/lula-lidera-cenarios-de-1o-turno-aponta-real-time-big-data/,Real Time Big Data,15.0,Lula/Flávio figures found in fetched source text
Paraná Pesquisas,2026-02-22,2026-02-25,2026-02-27,2080,presencial,BR-07974/2026,40.5,36.6,3.7,4.3,1.5,,0.4,,,"Scenario 1 of 2 on pt.wikipedia (Lula, Flávio, Caiado, Zema, Renan, Rebelo); includes non-final candidates: Rebelo; not tested: Cury",https://www.poder360.com.br/poder-eleicoes/lula-e-flavio-empatam-no-1o-turno-diz-parana-pesquisas/,Paraná Pesquisas,13.0,figures not found in fetched source text (pt.wikipedia value; en.wikipedia: match L/F)
AtlasIntel,2026-02-19,2026-02-24,2026-02-25,4986,online,BR-07600/2026,45.0,37.9,4.9,3.9,2.9,,1.1,3.8,0.5,"Scenario 6 of 6 on pt.wikipedia (Lula, Flávio, Caiado, Zema, Renan, Rebelo); includes non-final candidates: Rebelo; not tested: Cury",https://exame.com/brasil/no-1o-turno-lula-tem-45-e-flavio-379-diz-atlasintel/,AtlasIntel,4.3,"Lula/Flávio figures found in fetched source text; blank/null & undecided from source; TSE match approx (TSE 2026-02-19..2026-02-24, n=5000)"
Quaest,2026-02-05,2026-02-09,2026-02-11,2004,presencial,BR-00249/2026,38.0,30.0,4.0,4.0,1.0,,1.0,15.0,7.0,"Scenario 6 of 7 on pt.wikipedia (Lula, Flávio, Caiado, Zema, Renan, Rebelo); includes non-final candidates: Rebelo; not tested: Cury",https://exame.com/brasil/no-1o-turno-lula-tem-35-e-flavio-bolsonaro-29-diz-genial-quaest/,Genial/Quaest,22.0,Lula/Flávio figures found in fetched source text; blank/null & undecided from source
Futura,2026-02-03,2026-02-07,2026-02-10,2000,telefone,BR-02276/2026,35.3,35.7,6.6,6.5,2.1,,1.1,7.8,4.9,"Scenario 3 of 4 on pt.wikipedia (Lula, Flávio, Caiado, Zema, Renan, Rebelo); includes non-final candidates: Rebelo; not tested: Cury",https://planopolitico.com.br/agregador/presidente/,Apex/Futura,12.7,Lula/Flávio figures found in fetched source text; blank/null & undecided from source
Real Time Big Data,2026-02-06,2026-02-07,2026-02-09,2000,presencial,BR-06428/2026,40.0,32.0,6.0,4.0,1.0,,2.0,,,"Scenario 1 of 3 on pt.wikipedia (Lula, Flávio, Caiado, Zema, Renan, Rebelo); includes non-final candidates: Rebelo; not tested: Cury",https://www.cnnbrasil.com.br/eleicoes/real-time-big-data-na-disputa-ao-planalto-tem-lula-tem-39-flavio-30/,Real Time Big Data,15.0,Lula/Flávio figures found in fetched source text
Ideia,2026-01-30,2026-02-02,2026-02-04,1500,telefone,BR-08425/2026,39.5,33.0,5.1,6.0,0.7,,0.5,,,"Scenario 5 of 7 on pt.wikipedia (Lula, Flávio, Caiado, Zema, Renan, Rebelo); includes non-final candidates: Rebelo; not tested: Cury",https://abcdados.com.br/agregador2026/,Meio/Ideia,15.1,figures not found in fetched source text (pt.wikipedia value; en.wikipedia: match L/F)
Paraná Pesquisas,2026-01-25,2026-01-28,2026-01-29,2080,presencial,BR-08254/2026,39.8,33.1,3.7,2.8,1.5,,7.6,6.8,4.7,"Scenario 2 of 2 on pt.wikipedia (Lula, Flávio, Ratinho, Caiado, Zema, Renan, Rebelo); includes non-final candidates: Ratinho, Rebelo; not tested: Cury",https://pollplustrend.com/26brpf,Paraná Pesquisas,11.5,Lula/Flávio figures found in fetched source text; blank/null & undecided from source
AtlasIntel,2026-01-15,2026-01-20,2026-01-21,5418,online,BR-02804/2026,48.8,35.0,4.3,2.8,3.4,,3.8,1.5,0.4,"Scenario 6 of 8 on pt.wikipedia (Lula, Flávio, Ratinho, Caiado, Zema, Renan, Rebelo); includes non-final candidates: Ratinho, Rebelo; not tested: Cury",https://www.gazetadopovo.com.br/eleicoes/2026/pesquisa-eleitoral-2026/pesquisa-atlasintel-presidente-janeiro-2026/,AtlasIntel,1.9,"Lula/Flávio figures found in fetched source text; blank/null & undecided from source; TSE match approx (TSE 2026-01-15..2026-01-20, n=5000)"
Futura,2026-01-15,2026-01-19,2026-01-22,2000,telefone,BR-08233/2026,37.0,33.3,3.0,2.6,1.2,,11.0,6.6,5.3,"Scenario 6 of 6 on pt.wikipedia (Lula, Flávio, Tarcísio, Caiado, Zema, Renan, Rebelo); includes non-final candidates: Rebelo, Tarcísio; not tested: Cury",https://www.cnnbrasil.com.br/eleicoes/apex-futura-lula-e-flavio-lideram-cenarios-de-1o-turno/,Apex/Futura,11.9,"source text (CNN Brasil). Note: CNN quotes TSE protocol BR-03024/2026, which is a Futura Sao Paulo-state poll; Poder360 and the TSE registry give BR-08233/2026 (national); Lula/Flávio figures found in fetched source text; article quotes BR-03024/2026"
Ideia,2026-01-08,2026-01-12,2026-01-13,2000,telefone,BR-06731/2026,39.7,26.5,4.2,3.6,0.4,,7.2,7.1,11.4,"Scenario 4 of 5 on pt.wikipedia (Lula, Flávio, Ratinho, Caiado, Zema, Renan, Rebelo); includes non-final candidates: Ratinho, Rebelo; not tested: Cury",https://www.cnnbrasil.com.br/blogs/iuri-pitta/eleicoes/meio-ideia-lula-lidera-cenarios-de-1o-turno-e-empata-com-tarcisio-no-2o/,Meio/Ideia,18.5,Lula/Flávio figures found in fetched source text; blank/null & undecided from source
Quaest,2026-01-08,2026-01-11,2026-01-14,2004,presencial,BR-00835/2026,35.0,26.0,4.0,3.0,1.0,,11.0,12.0,8.0,"Scenario 2 of 7 ('sem Tarcísio': Lula, Flávio, Ratinho Jr., Caiado, Zema, Rebelo, Renan) taken from CNN Brasil/g1 because the pt.wikipedia row for this poll is garbled (sums to 112); includes non-final candidates: Ratinho, Rebelo (others_total = Ratinho 9 + Rebelo 2); not tested: Cury",https://www.cnnbrasil.com.br/eleicoes/lula-lidera-contra-todos-eventuais-adversarios-no-1o-e-2o-turno-diz-quaest/,Genial/Quaest,20.0,manual: source text (CNN Brasil; g1) - pt.wikipedia row corrected; Lula/Flávio figures found in fetched source text; blank/null & undecided from source
Paraná Pesquisas,2025-12-18,2025-12-22,2025-12-26,2038,presencial,,37.6,27.8,,3.1,0.8,,18.8,,,"Scenario 3 of 4 on pt.wikipedia (Flávio, Lula, Ratinho, Zema, Gomes, Renan, Tereza); includes non-final candidates: Gomes, Ratinho, Tereza; not tested: Caiado, Cury",https://www.poder360.com.br/poder-pesquisas/lula-tem-376-e-flavio-278-no-1o-turno-diz-parana-pesquisas/,Paraná Pesquisas,12.0,"manual: source text (Poder360, 26 Dec 2025: Lula 37,6 / Flávio 27,8); method: pollster standard (no TSE registration before 2026)"
Real Time Big Data,2025-12-05,2025-12-16,2025-12-17,3300,,,35.0,17.0,5.0,5.0,1.0,,13.0,,,"Scenario 3 of 3 on pt.wikipedia (Flávio, Lula, Ratinho, Zema, Caiado, Renan, Rebelo); includes non-final candidates: Ratinho, Rebelo; not tested: Cury",https://www.cnnbrasil.com.br/eleicoes/real-time-big-data-lula-lidera-todos-os-cenarios-de-1o-turno/,Real Time Big Data,24.0,pt.wikipedia only (no TSE registration in 2025; method not stated in fetched source); scenario with Ratinho Jr. chosen over the equivalent one with Eduardo Leite; Lula/Flávio figures found in fetched source text
AtlasIntel,2025-12-10,2025-12-15,2025-12-18,18154,online,,48.1,29.3,7.2,3.8,3.2,,5.1,,,"Scenario 5 of 7 on pt.wikipedia (Flávio, Lula, Ratinho, Zema, Caiado, Renan); includes non-final candidates: Ratinho; not tested: Cury",https://www.cartacapital.com.br/politica/lula-lidera-com-folga-as-disputas-contra-flavio-tarcisio-e-michelle-veja-a-nova-pesquisa-sobre-2026/,AtlasIntel,3.3,"manual: sample 18,154 per CartaCapital (""ouviu, pela internet, 18.154 eleitores""); pt.wikipedia had 8,154; candidate figures from wikipedia (pt=en); method: pollster standard (no TSE registration before 2026)"
Quaest,2025-12-11,2025-12-14,2025-12-16,2004,presencial,,37.0,23.0,3.0,4.0,1.0,,12.0,,,"Scenario 2 of 6 on pt.wikipedia (Flávio, Lula, Ratinho, Zema, Caiado, Renan, Rebelo); includes non-final candidates: Ratinho, Rebelo; not tested: Cury",https://g1.globo.com/politica/noticia/2025/12/16/quaest-primeiro-turno-2026.ghtml,Genial/Quaest,20.0,"manual: source text (g1, 16 Dec 2025: Lula 37, Flávio 23, Ratinho 11, Zema 4, Caiado 3, Renan 1, Aldo 1); en.wikipedia lists other scenarios of this poll; method: pollster standard (no TSE registration before 2026)"
Futura,2025-12-03,2025-12-09,2025-12-12,2001,telefone,,37.3,29.6,10.0,9.1,,,,10.7,3.4,"Scenario 2 of 5 on pt.wikipedia (Flávio, Lula, Zema, Caiado); not tested: Renan, Cury",https://exame.com/brasil/pesquisa-futura-lula-empataria-com-flavio-e-perderia-de-tarcisio-no-2o-turno/,Apex/Futura,14.1,Lula/Flávio figures found in fetched source text; blank/null & undecided from source; method: pollster standard (no TSE registration before 2026)
Ipec,2025-12-04,2025-12-08,2025-12-09,2000,presencial,,38.0,19.0,7.0,5.0,,,9.0,17.0,6.0,"Scenario 3 of 4 on pt.wikipedia (Flávio, Lula, Ratinho, Zema, Caiado); includes non-final candidates: Ratinho; not tested: Renan, Cury",https://www.ipsos.com/pt-br/lula-lidera-hoje-todos-os-cenarios-testados-para-eleicoes-de-2026,Ipsos-Ipec,23.0,"manual: pollster release (ipsos.com, 10 Dec 2025): 2,000 face-to-face interviews, 4-8 Dec 2025, Lula 38 / Flávio 19; blank/null and undecided from news source; Lula/Flávio figures found in fetched source text; blank/null & undecided from source; method: pollster standard (no TSE registration before 2026)"
Datafolha,2025-12-02,2025-12-04,2025-12-06,2002,presencial,,41.0,18.0,7.0,6.0,,,12.0,,,"Scenario 4 of 4 on pt.wikipedia (Flávio, Lula, Ratinho, Zema, Caiado); includes non-final candidates: Ratinho; not tested: Renan, Cury",https://www1.folha.uol.com.br/poder/2025/12/datafolha-lula-bate-flavio-bolsonaro-por-15-pontos-e-tarcisio-por-5-no-2o-turno.shtml,Datafolha,16.0,Lula/Flávio figures found in fetched source text; method: pollster standard (no TSE registration before 2026)
