year,poverty_pct,extreme_poverty_pct,intermediate_line_pct,source,line_definition,note,source_rank
2012,34.73,6.59,14.45,"IBGE Sintese de Indicadores Sociais 2025, Tabela 2.18 (PNADC)","poverty < US$6.85/day PPP 2017; extreme < US$2.15/day PPP 2017; intermediate < US$3.65/day PPP 2017 (PPP private consumption R$2.3273771/US$, IPCA-updated); household per capita income","1st visits; Fonte: IBGE. Pesquisa Nacional por Amostra de Domicílios Contínua, 2012, acumulado de primeiras visitas. | Preferred series (IBGE official SIS).",1
2013,32.48,5.84,13.29,"IBGE Sintese de Indicadores Sociais 2025, Tabela 2.18 (PNADC)","poverty < US$6.85/day PPP 2017; extreme < US$2.15/day PPP 2017; intermediate < US$3.65/day PPP 2017 (PPP private consumption R$2.3273771/US$, IPCA-updated); household per capita income","1st visits; Fonte: IBGE. Pesquisa Nacional por Amostra de Domicílios Contínua, 2013, acumulado de primeiras visitas. | Preferred series (IBGE official SIS).",1
2014,30.88,5.19,12.09,"IBGE Sintese de Indicadores Sociais 2025, Tabela 2.18 (PNADC)","poverty < US$6.85/day PPP 2017; extreme < US$2.15/day PPP 2017; intermediate < US$3.65/day PPP 2017 (PPP private consumption R$2.3273771/US$, IPCA-updated); household per capita income","1st visits; Fonte: IBGE. Pesquisa Nacional por Amostra de Domicílios Contínua, 2014, acumulado de primeiras visitas. | Preferred series (IBGE official SIS).",1
2015,31.72,5.65,12.63,"IBGE Sintese de Indicadores Sociais 2025, Tabela 2.18 (PNADC)","poverty < US$6.85/day PPP 2017; extreme < US$2.15/day PPP 2017; intermediate < US$3.65/day PPP 2017 (PPP private consumption R$2.3273771/US$, IPCA-updated); household per capita income","1st visits; Fonte: IBGE. Pesquisa Nacional por Amostra de Domicílios Contínua, 2015, acumulado de primeiras visitas. | Preferred series (IBGE official SIS).",1
2016,33.75,6.74,14.46,"IBGE Sintese de Indicadores Sociais 2025, Tabela 2.18 (PNADC)","poverty < US$6.85/day PPP 2017; extreme < US$2.15/day PPP 2017; intermediate < US$3.65/day PPP 2017 (PPP private consumption R$2.3273771/US$, IPCA-updated); household per capita income","1st visits; Fonte: IBGE. Pesquisa Nacional por Amostra de Domicílios Contínua, 2016, acumulado de primeiras visitas. | Preferred series (IBGE official SIS).",1
2017,33.79,7.3,14.79,"IBGE Sintese de Indicadores Sociais 2025, Tabela 2.18 (PNADC)","poverty < US$6.85/day PPP 2017; extreme < US$2.15/day PPP 2017; intermediate < US$3.65/day PPP 2017 (PPP private consumption R$2.3273771/US$, IPCA-updated); household per capita income","1st visits; Fonte: IBGE. Pesquisa Nacional por Amostra de Domicílios Contínua, 2017, acumulado de primeiras visitas. | Preferred series (IBGE official SIS).",1
2018,33.44,7.38,14.53,"IBGE Sintese de Indicadores Sociais 2025, Tabela 2.18 (PNADC)","poverty < US$6.85/day PPP 2017; extreme < US$2.15/day PPP 2017; intermediate < US$3.65/day PPP 2017 (PPP private consumption R$2.3273771/US$, IPCA-updated); household per capita income","1st visits; Fonte: IBGE. Pesquisa Nacional por Amostra de Domicílios Contínua, 2018, acumulado de primeiras visitas. | Preferred series (IBGE official SIS).",1
2019,32.61,7.37,14.24,"IBGE Sintese de Indicadores Sociais 2025, Tabela 2.18 (PNADC)","poverty < US$6.85/day PPP 2017; extreme < US$2.15/day PPP 2017; intermediate < US$3.65/day PPP 2017 (PPP private consumption R$2.3273771/US$, IPCA-updated); household per capita income","1st visits; Fonte: IBGE. Pesquisa Nacional por Amostra de Domicílios Contínua, 2019, acumulado de primeiras visitas. | Preferred series (IBGE official SIS).",1
2020,31.06,6.05,12.1,"IBGE Sintese de Indicadores Sociais 2025, Tabela 2.18 (PNADC)","poverty < US$6.85/day PPP 2017; extreme < US$2.15/day PPP 2017; intermediate < US$3.65/day PPP 2017 (PPP private consumption R$2.3273771/US$, IPCA-updated); household per capita income","5th visits; Fonte: IBGE. Pesquisa Nacional por Amostra de Domicílios Contínua, 2020, acumulado de quintas visitas. | Preferred series (IBGE official SIS).",1
2021,36.77,9.02,16.95,"IBGE Sintese de Indicadores Sociais 2025, Tabela 2.18 (PNADC)","poverty < US$6.85/day PPP 2017; extreme < US$2.15/day PPP 2017; intermediate < US$3.65/day PPP 2017 (PPP private consumption R$2.3273771/US$, IPCA-updated); household per capita income","5th visits; Fonte: IBGE. Pesquisa Nacional por Amostra de Domicílios Contínua, 2021, acumulado de quintas visitas. | Preferred series (IBGE official SIS).",1
2022,31.65,5.87,12.44,"IBGE Sintese de Indicadores Sociais 2025, Tabela 2.18 (PNADC)","poverty < US$6.85/day PPP 2017; extreme < US$2.15/day PPP 2017; intermediate < US$3.65/day PPP 2017 (PPP private consumption R$2.3273771/US$, IPCA-updated); household per capita income","5th visits; Fonte: IBGE. Pesquisa Nacional por Amostra de Domicílios Contínua, 2022, acumulado de quintas visitas. | Preferred series (IBGE official SIS).",1
2023,27.3,4.4,10.28,"IBGE Sintese de Indicadores Sociais 2025, Tabela 2.18 (PNADC)","poverty < US$6.85/day PPP 2017; extreme < US$2.15/day PPP 2017; intermediate < US$3.65/day PPP 2017 (PPP private consumption R$2.3273771/US$, IPCA-updated); household per capita income","1st visits; Fonte: IBGE. Pesquisa Nacional por Amostra de Domicílios Contínua, 2023, acumulado de primeiras visitas. | Preferred series (IBGE official SIS).",1
2024,23.11,3.47,8.6,"IBGE Sintese de Indicadores Sociais 2025, Tabela 2.18 (PNADC)","poverty < US$6.85/day PPP 2017; extreme < US$2.15/day PPP 2017; intermediate < US$3.65/day PPP 2017 (PPP private consumption R$2.3273771/US$, IPCA-updated); household per capita income","1st visits; Fonte: IBGE. Pesquisa Nacional por Amostra de Domicílios Contínua, 2024, acumulado de primeiras visitas. | Preferred series (IBGE official SIS).",1
2012,36.8,8.8,,"IBGE ODS indicators, SIDRA t5877 v9948 (1.2.1) and t5817 v9617 (1.1.1) (PNADC)","poverty < US$8.30/day PPP 2021; extreme < US$3.00/day PPP 2021 (PPP final consumption R$2.44983620/US$, inflated with PNADC deflators); household per capita income",1st visits 2012-2019 & 2023-2024; 5th visits 2020-2022. Released 2025-12-16/17. | IBGE SDG series; same survey as SIS but new WB lines and IBGE PPP conversion.,2
2013,34.7,7.9,,"IBGE ODS indicators, SIDRA t5877 v9948 (1.2.1) and t5817 v9617 (1.1.1) (PNADC)","poverty < US$8.30/day PPP 2021; extreme < US$3.00/day PPP 2021 (PPP final consumption R$2.44983620/US$, inflated with PNADC deflators); household per capita income",1st visits 2012-2019 & 2023-2024; 5th visits 2020-2022. Released 2025-12-16/17. | IBGE SDG series; same survey as SIS but new WB lines and IBGE PPP conversion.,2
2014,33.2,7.0,,"IBGE ODS indicators, SIDRA t5877 v9948 (1.2.1) and t5817 v9617 (1.1.1) (PNADC)","poverty < US$8.30/day PPP 2021; extreme < US$3.00/day PPP 2021 (PPP final consumption R$2.44983620/US$, inflated with PNADC deflators); household per capita income",1st visits 2012-2019 & 2023-2024; 5th visits 2020-2022. Released 2025-12-16/17. | IBGE SDG series; same survey as SIS but new WB lines and IBGE PPP conversion.,2
2015,33.9,7.6,,"IBGE ODS indicators, SIDRA t5877 v9948 (1.2.1) and t5817 v9617 (1.1.1) (PNADC)","poverty < US$8.30/day PPP 2021; extreme < US$3.00/day PPP 2021 (PPP final consumption R$2.44983620/US$, inflated with PNADC deflators); household per capita income",1st visits 2012-2019 & 2023-2024; 5th visits 2020-2022. Released 2025-12-16/17. | IBGE SDG series; same survey as SIS but new WB lines and IBGE PPP conversion.,2
2016,36.1,9.0,,"IBGE ODS indicators, SIDRA t5877 v9948 (1.2.1) and t5817 v9617 (1.1.1) (PNADC)","poverty < US$8.30/day PPP 2021; extreme < US$3.00/day PPP 2021 (PPP final consumption R$2.44983620/US$, inflated with PNADC deflators); household per capita income",1st visits 2012-2019 & 2023-2024; 5th visits 2020-2022. Released 2025-12-16/17. | IBGE SDG series; same survey as SIS but new WB lines and IBGE PPP conversion.,2
2017,36.6,9.2,,"IBGE ODS indicators, SIDRA t5877 v9948 (1.2.1) and t5817 v9617 (1.1.1) (PNADC)","poverty < US$8.30/day PPP 2021; extreme < US$3.00/day PPP 2021 (PPP final consumption R$2.44983620/US$, inflated with PNADC deflators); household per capita income",1st visits 2012-2019 & 2023-2024; 5th visits 2020-2022. Released 2025-12-16/17. | IBGE SDG series; same survey as SIS but new WB lines and IBGE PPP conversion.,2
2018,35.5,9.3,,"IBGE ODS indicators, SIDRA t5877 v9948 (1.2.1) and t5817 v9617 (1.1.1) (PNADC)","poverty < US$8.30/day PPP 2021; extreme < US$3.00/day PPP 2021 (PPP final consumption R$2.44983620/US$, inflated with PNADC deflators); household per capita income",1st visits 2012-2019 & 2023-2024; 5th visits 2020-2022. Released 2025-12-16/17. | IBGE SDG series; same survey as SIS but new WB lines and IBGE PPP conversion.,2
2019,34.5,9.2,,"IBGE ODS indicators, SIDRA t5877 v9948 (1.2.1) and t5817 v9617 (1.1.1) (PNADC)","poverty < US$8.30/day PPP 2021; extreme < US$3.00/day PPP 2021 (PPP final consumption R$2.44983620/US$, inflated with PNADC deflators); household per capita income",1st visits 2012-2019 & 2023-2024; 5th visits 2020-2022. Released 2025-12-16/17. | IBGE SDG series; same survey as SIS but new WB lines and IBGE PPP conversion.,2
2020,33.4,7.9,,"IBGE ODS indicators, SIDRA t5877 v9948 (1.2.1) and t5817 v9617 (1.1.1) (PNADC)","poverty < US$8.30/day PPP 2021; extreme < US$3.00/day PPP 2021 (PPP final consumption R$2.44983620/US$, inflated with PNADC deflators); household per capita income",1st visits 2012-2019 & 2023-2024; 5th visits 2020-2022. Released 2025-12-16/17. | IBGE SDG series; same survey as SIS but new WB lines and IBGE PPP conversion.,2
2021,38.9,11.2,,"IBGE ODS indicators, SIDRA t5877 v9948 (1.2.1) and t5817 v9617 (1.1.1) (PNADC)","poverty < US$8.30/day PPP 2021; extreme < US$3.00/day PPP 2021 (PPP final consumption R$2.44983620/US$, inflated with PNADC deflators); household per capita income",1st visits 2012-2019 & 2023-2024; 5th visits 2020-2022. Released 2025-12-16/17. | IBGE SDG series; same survey as SIS but new WB lines and IBGE PPP conversion.,2
2022,33.7,7.6,,"IBGE ODS indicators, SIDRA t5877 v9948 (1.2.1) and t5817 v9617 (1.1.1) (PNADC)","poverty < US$8.30/day PPP 2021; extreme < US$3.00/day PPP 2021 (PPP final consumption R$2.44983620/US$, inflated with PNADC deflators); household per capita income",1st visits 2012-2019 & 2023-2024; 5th visits 2020-2022. Released 2025-12-16/17. | IBGE SDG series; same survey as SIS but new WB lines and IBGE PPP conversion.,2
2023,29.8,5.8,,"IBGE ODS indicators, SIDRA t5877 v9948 (1.2.1) and t5817 v9617 (1.1.1) (PNADC)","poverty < US$8.30/day PPP 2021; extreme < US$3.00/day PPP 2021 (PPP final consumption R$2.44983620/US$, inflated with PNADC deflators); household per capita income",1st visits 2012-2019 & 2023-2024; 5th visits 2020-2022. Released 2025-12-16/17. | IBGE SDG series; same survey as SIS but new WB lines and IBGE PPP conversion.,2
2024,26.5,4.7,,"IBGE ODS indicators, SIDRA t5877 v9948 (1.2.1) and t5817 v9617 (1.1.1) (PNADC)","poverty < US$8.30/day PPP 2021; extreme < US$3.00/day PPP 2021 (PPP final consumption R$2.44983620/US$, inflated with PNADC deflators); household per capita income",1st visits 2012-2019 & 2023-2024; 5th visits 2020-2022. Released 2025-12-16/17. | IBGE SDG series; same survey as SIS but new WB lines and IBGE PPP conversion.,2
2010,,,,"World Bank WDI (SI.POV.UMIC / SI.POV.DDAY / SI.POV.LMIC), lastupdated 2026-07-13",poverty < US$8.30/day PPP 2021 (UMIC line); extreme < US$3.00/day PPP 2021; intermediate < US$4.20/day PPP 2021 (LMIC line),No survey in 2010 (Census year): WB has no value. | WB levels differ from IBGE even at the same nominal US$ line (different PPP conversion/deflation/welfare aggregate); do not splice with IBGE.,3
2011,32.2,7.1,12.2,"World Bank WDI (SI.POV.UMIC / SI.POV.DDAY / SI.POV.LMIC), lastupdated 2026-07-13",poverty < US$8.30/day PPP 2021 (UMIC line); extreme < US$3.00/day PPP 2021; intermediate < US$4.20/day PPP 2021 (LMIC line),World Bank PIP harmonized welfare aggregate (survey-based). 2011 based on old PNAD; 2012+ on PNADC. | WB levels differ from IBGE even at the same nominal US$ line (different PPP conversion/deflation/welfare aggregate); do not splice with IBGE.,3
2012,30.4,6.4,10.7,"World Bank WDI (SI.POV.UMIC / SI.POV.DDAY / SI.POV.LMIC), lastupdated 2026-07-13",poverty < US$8.30/day PPP 2021 (UMIC line); extreme < US$3.00/day PPP 2021; intermediate < US$4.20/day PPP 2021 (LMIC line),World Bank PIP harmonized welfare aggregate (survey-based). | WB levels differ from IBGE even at the same nominal US$ line (different PPP conversion/deflation/welfare aggregate); do not splice with IBGE.,3
2013,27.9,5.4,9.7,"World Bank WDI (SI.POV.UMIC / SI.POV.DDAY / SI.POV.LMIC), lastupdated 2026-07-13",poverty < US$8.30/day PPP 2021 (UMIC line); extreme < US$3.00/day PPP 2021; intermediate < US$4.20/day PPP 2021 (LMIC line),World Bank PIP harmonized welfare aggregate (survey-based). | WB levels differ from IBGE even at the same nominal US$ line (different PPP conversion/deflation/welfare aggregate); do not splice with IBGE.,3
2014,26.4,4.8,8.7,"World Bank WDI (SI.POV.UMIC / SI.POV.DDAY / SI.POV.LMIC), lastupdated 2026-07-13",poverty < US$8.30/day PPP 2021 (UMIC line); extreme < US$3.00/day PPP 2021; intermediate < US$4.20/day PPP 2021 (LMIC line),World Bank PIP harmonized welfare aggregate (survey-based). | WB levels differ from IBGE even at the same nominal US$ line (different PPP conversion/deflation/welfare aggregate); do not splice with IBGE.,3
2015,27.4,5.4,9.4,"World Bank WDI (SI.POV.UMIC / SI.POV.DDAY / SI.POV.LMIC), lastupdated 2026-07-13",poverty < US$8.30/day PPP 2021 (UMIC line); extreme < US$3.00/day PPP 2021; intermediate < US$4.20/day PPP 2021 (LMIC line),World Bank PIP harmonized welfare aggregate (survey-based). | WB levels differ from IBGE even at the same nominal US$ line (different PPP conversion/deflation/welfare aggregate); do not splice with IBGE.,3
2016,29.1,6.5,10.8,"World Bank WDI (SI.POV.UMIC / SI.POV.DDAY / SI.POV.LMIC), lastupdated 2026-07-13",poverty < US$8.30/day PPP 2021 (UMIC line); extreme < US$3.00/day PPP 2021; intermediate < US$4.20/day PPP 2021 (LMIC line),World Bank PIP harmonized welfare aggregate (survey-based). | WB levels differ from IBGE even at the same nominal US$ line (different PPP conversion/deflation/welfare aggregate); do not splice with IBGE.,3
2017,29.3,7.0,11.2,"World Bank WDI (SI.POV.UMIC / SI.POV.DDAY / SI.POV.LMIC), lastupdated 2026-07-13",poverty < US$8.30/day PPP 2021 (UMIC line); extreme < US$3.00/day PPP 2021; intermediate < US$4.20/day PPP 2021 (LMIC line),World Bank PIP harmonized welfare aggregate (survey-based). | WB levels differ from IBGE even at the same nominal US$ line (different PPP conversion/deflation/welfare aggregate); do not splice with IBGE.,3
2018,28.7,6.9,11.1,"World Bank WDI (SI.POV.UMIC / SI.POV.DDAY / SI.POV.LMIC), lastupdated 2026-07-13",poverty < US$8.30/day PPP 2021 (UMIC line); extreme < US$3.00/day PPP 2021; intermediate < US$4.20/day PPP 2021 (LMIC line),World Bank PIP harmonized welfare aggregate (survey-based). | WB levels differ from IBGE even at the same nominal US$ line (different PPP conversion/deflation/welfare aggregate); do not splice with IBGE.,3
2019,28.0,7.0,10.9,"World Bank WDI (SI.POV.UMIC / SI.POV.DDAY / SI.POV.LMIC), lastupdated 2026-07-13",poverty < US$8.30/day PPP 2021 (UMIC line); extreme < US$3.00/day PPP 2021; intermediate < US$4.20/day PPP 2021 (LMIC line),World Bank PIP harmonized welfare aggregate (survey-based). | WB levels differ from IBGE even at the same nominal US$ line (different PPP conversion/deflation/welfare aggregate); do not splice with IBGE.,3
2020,20.8,2.8,5.4,"World Bank WDI (SI.POV.UMIC / SI.POV.DDAY / SI.POV.LMIC), lastupdated 2026-07-13",poverty < US$8.30/day PPP 2021 (UMIC line); extreme < US$3.00/day PPP 2021; intermediate < US$4.20/day PPP 2021 (LMIC line),World Bank PIP harmonized welfare aggregate (survey-based). | WB levels differ from IBGE even at the same nominal US$ line (different PPP conversion/deflation/welfare aggregate); do not splice with IBGE.,3
2021,30.6,7.5,11.5,"World Bank WDI (SI.POV.UMIC / SI.POV.DDAY / SI.POV.LMIC), lastupdated 2026-07-13",poverty < US$8.30/day PPP 2021 (UMIC line); extreme < US$3.00/day PPP 2021; intermediate < US$4.20/day PPP 2021 (LMIC line),World Bank PIP harmonized welfare aggregate (survey-based). | WB levels differ from IBGE even at the same nominal US$ line (different PPP conversion/deflation/welfare aggregate); do not splice with IBGE.,3
2022,25.3,4.9,8.5,"World Bank WDI (SI.POV.UMIC / SI.POV.DDAY / SI.POV.LMIC), lastupdated 2026-07-13",poverty < US$8.30/day PPP 2021 (UMIC line); extreme < US$3.00/day PPP 2021; intermediate < US$4.20/day PPP 2021 (LMIC line),World Bank PIP harmonized welfare aggregate (survey-based). | WB levels differ from IBGE even at the same nominal US$ line (different PPP conversion/deflation/welfare aggregate); do not splice with IBGE.,3
2023,23.3,3.8,7.4,"World Bank WDI (SI.POV.UMIC / SI.POV.DDAY / SI.POV.LMIC), lastupdated 2026-07-13",poverty < US$8.30/day PPP 2021 (UMIC line); extreme < US$3.00/day PPP 2021; intermediate < US$4.20/day PPP 2021 (LMIC line),World Bank PIP harmonized welfare aggregate (survey-based). | WB levels differ from IBGE even at the same nominal US$ line (different PPP conversion/deflation/welfare aggregate); do not splice with IBGE.,3
2024,20.6,3.0,6.2,"World Bank WDI (SI.POV.UMIC / SI.POV.DDAY / SI.POV.LMIC), lastupdated 2026-07-13",poverty < US$8.30/day PPP 2021 (UMIC line); extreme < US$3.00/day PPP 2021; intermediate < US$4.20/day PPP 2021 (LMIC line),World Bank PIP harmonized welfare aggregate (survey-based). | WB levels differ from IBGE even at the same nominal US$ line (different PPP conversion/deflation/welfare aggregate); do not splice with IBGE.,3
