period_code,income_brl,period_label,price_base
201203,3077,jan-fev-mar 2012,R$ at average prices of jun-jul-ago 2026 (IPCA-based PNADC deflator; SIDRA t6389 as released 2026-09-29)
201204,3090,fev-mar-abr 2012,R$ at average prices of jun-jul-ago 2026 (IPCA-based PNADC deflator; SIDRA t6389 as released 2026-09-29)
201205,3081,mar-abr-mai 2012,R$ at average prices of jun-jul-ago 2026 (IPCA-based PNADC deflator; SIDRA t6389 as released 2026-09-29)
201206,3088,abr-mai-jun 2012,R$ at average prices of jun-jul-ago 2026 (IPCA-based PNADC deflator; SIDRA t6389 as released 2026-09-29)
201207,3103,mai-jun-jul 2012,R$ at average prices of jun-jul-ago 2026 (IPCA-based PNADC deflator; SIDRA t6389 as released 2026-09-29)
201208,3113,jun-jul-ago 2012,R$ at average prices of jun-jul-ago 2026 (IPCA-based PNADC deflator; SIDRA t6389 as released 2026-09-29)
201209,3104,jul-ago-set 2012,R$ at average prices of jun-jul-ago 2026 (IPCA-based PNADC deflator; SIDRA t6389 as released 2026-09-29)
201210,3099,ago-set-out 2012,R$ at average prices of jun-jul-ago 2026 (IPCA-based PNADC deflator; SIDRA t6389 as released 2026-09-29)
201211,3097,set-out-nov 2012,R$ at average prices of jun-jul-ago 2026 (IPCA-based PNADC deflator; SIDRA t6389 as released 2026-09-29)
201212,3091,out-nov-dez 2012,R$ at average prices of jun-jul-ago 2026 (IPCA-based PNADC deflator; SIDRA t6389 as released 2026-09-29)
201301,3105,nov-dez-jan 2012/2013,R$ at average prices of jun-jul-ago 2026 (IPCA-based PNADC deflator; SIDRA t6389 as released 2026-09-29)
201302,3124,dez-jan-fev 2012/2013,R$ at average prices of jun-jul-ago 2026 (IPCA-based PNADC deflator; SIDRA t6389 as released 2026-09-29)
201303,3147,jan-fev-mar 2013,R$ at average prices of jun-jul-ago 2026 (IPCA-based PNADC deflator; SIDRA t6389 as released 2026-09-29)
201304,3154,fev-mar-abr 2013,R$ at average prices of jun-jul-ago 2026 (IPCA-based PNADC deflator; SIDRA t6389 as released 2026-09-29)
201305,3157,mar-abr-mai 2013,R$ at average prices of jun-jul-ago 2026 (IPCA-based PNADC deflator; SIDRA t6389 as released 2026-09-29)
201306,3182,abr-mai-jun 2013,R$ at average prices of jun-jul-ago 2026 (IPCA-based PNADC deflator; SIDRA t6389 as released 2026-09-29)
201307,3204,mai-jun-jul 2013,R$ at average prices of jun-jul-ago 2026 (IPCA-based PNADC deflator; SIDRA t6389 as released 2026-09-29)
201308,3224,jun-jul-ago 2013,R$ at average prices of jun-jul-ago 2026 (IPCA-based PNADC deflator; SIDRA t6389 as released 2026-09-29)
201309,3226,jul-ago-set 2013,R$ at average prices of jun-jul-ago 2026 (IPCA-based PNADC deflator; SIDRA t6389 as released 2026-09-29)
201310,3236,ago-set-out 2013,R$ at average prices of jun-jul-ago 2026 (IPCA-based PNADC deflator; SIDRA t6389 as released 2026-09-29)
201311,3223,set-out-nov 2013,R$ at average prices of jun-jul-ago 2026 (IPCA-based PNADC deflator; SIDRA t6389 as released 2026-09-29)
201312,3199,out-nov-dez 2013,R$ at average prices of jun-jul-ago 2026 (IPCA-based PNADC deflator; SIDRA t6389 as released 2026-09-29)
201401,3196,nov-dez-jan 2013/2014,R$ at average prices of jun-jul-ago 2026 (IPCA-based PNADC deflator; SIDRA t6389 as released 2026-09-29)
201402,3226,dez-jan-fev 2013/2014,R$ at average prices of jun-jul-ago 2026 (IPCA-based PNADC deflator; SIDRA t6389 as released 2026-09-29)
201403,3265,jan-fev-mar 2014,R$ at average prices of jun-jul-ago 2026 (IPCA-based PNADC deflator; SIDRA t6389 as released 2026-09-29)
201404,3262,fev-mar-abr 2014,R$ at average prices of jun-jul-ago 2026 (IPCA-based PNADC deflator; SIDRA t6389 as released 2026-09-29)
201405,3258,mar-abr-mai 2014,R$ at average prices of jun-jul-ago 2026 (IPCA-based PNADC deflator; SIDRA t6389 as released 2026-09-29)
201406,3240,abr-mai-jun 2014,R$ at average prices of jun-jul-ago 2026 (IPCA-based PNADC deflator; SIDRA t6389 as released 2026-09-29)
201407,3233,mai-jun-jul 2014,R$ at average prices of jun-jul-ago 2026 (IPCA-based PNADC deflator; SIDRA t6389 as released 2026-09-29)
201408,3254,jun-jul-ago 2014,R$ at average prices of jun-jul-ago 2026 (IPCA-based PNADC deflator; SIDRA t6389 as released 2026-09-29)
201409,3264,jul-ago-set 2014,R$ at average prices of jun-jul-ago 2026 (IPCA-based PNADC deflator; SIDRA t6389 as released 2026-09-29)
201410,3278,ago-set-out 2014,R$ at average prices of jun-jul-ago 2026 (IPCA-based PNADC deflator; SIDRA t6389 as released 2026-09-29)
201411,3257,set-out-nov 2014,R$ at average prices of jun-jul-ago 2026 (IPCA-based PNADC deflator; SIDRA t6389 as released 2026-09-29)
201412,3259,out-nov-dez 2014,R$ at average prices of jun-jul-ago 2026 (IPCA-based PNADC deflator; SIDRA t6389 as released 2026-09-29)
201501,3264,nov-dez-jan 2014/2015,R$ at average prices of jun-jul-ago 2026 (IPCA-based PNADC deflator; SIDRA t6389 as released 2026-09-29)
201502,3257,dez-jan-fev 2014/2015,R$ at average prices of jun-jul-ago 2026 (IPCA-based PNADC deflator; SIDRA t6389 as released 2026-09-29)
201503,3258,jan-fev-mar 2015,R$ at average prices of jun-jul-ago 2026 (IPCA-based PNADC deflator; SIDRA t6389 as released 2026-09-29)
201504,3247,fev-mar-abr 2015,R$ at average prices of jun-jul-ago 2026 (IPCA-based PNADC deflator; SIDRA t6389 as released 2026-09-29)
201505,3233,mar-abr-mai 2015,R$ at average prices of jun-jul-ago 2026 (IPCA-based PNADC deflator; SIDRA t6389 as released 2026-09-29)
201506,3240,abr-mai-jun 2015,R$ at average prices of jun-jul-ago 2026 (IPCA-based PNADC deflator; SIDRA t6389 as released 2026-09-29)
201507,3220,mai-jun-jul 2015,R$ at average prices of jun-jul-ago 2026 (IPCA-based PNADC deflator; SIDRA t6389 as released 2026-09-29)
201508,3203,jun-jul-ago 2015,R$ at average prices of jun-jul-ago 2026 (IPCA-based PNADC deflator; SIDRA t6389 as released 2026-09-29)
201509,3199,jul-ago-set 2015,R$ at average prices of jun-jul-ago 2026 (IPCA-based PNADC deflator; SIDRA t6389 as released 2026-09-29)
201510,3184,ago-set-out 2015,R$ at average prices of jun-jul-ago 2026 (IPCA-based PNADC deflator; SIDRA t6389 as released 2026-09-29)
201511,3167,set-out-nov 2015,R$ at average prices of jun-jul-ago 2026 (IPCA-based PNADC deflator; SIDRA t6389 as released 2026-09-29)
201512,3156,out-nov-dez 2015,R$ at average prices of jun-jul-ago 2026 (IPCA-based PNADC deflator; SIDRA t6389 as released 2026-09-29)
201601,3169,nov-dez-jan 2015/2016,R$ at average prices of jun-jul-ago 2026 (IPCA-based PNADC deflator; SIDRA t6389 as released 2026-09-29)
201602,3150,dez-jan-fev 2015/2016,R$ at average prices of jun-jul-ago 2026 (IPCA-based PNADC deflator; SIDRA t6389 as released 2026-09-29)
201603,3160,jan-fev-mar 2016,R$ at average prices of jun-jul-ago 2026 (IPCA-based PNADC deflator; SIDRA t6389 as released 2026-09-29)
201604,3145,fev-mar-abr 2016,R$ at average prices of jun-jul-ago 2026 (IPCA-based PNADC deflator; SIDRA t6389 as released 2026-09-29)
201605,3155,mar-abr-mai 2016,R$ at average prices of jun-jul-ago 2026 (IPCA-based PNADC deflator; SIDRA t6389 as released 2026-09-29)
201606,3122,abr-mai-jun 2016,R$ at average prices of jun-jul-ago 2026 (IPCA-based PNADC deflator; SIDRA t6389 as released 2026-09-29)
201607,3125,mai-jun-jul 2016,R$ at average prices of jun-jul-ago 2026 (IPCA-based PNADC deflator; SIDRA t6389 as released 2026-09-29)
201608,3152,jun-jul-ago 2016,R$ at average prices of jun-jul-ago 2026 (IPCA-based PNADC deflator; SIDRA t6389 as released 2026-09-29)
201609,3149,jul-ago-set 2016,R$ at average prices of jun-jul-ago 2026 (IPCA-based PNADC deflator; SIDRA t6389 as released 2026-09-29)
201610,3154,ago-set-out 2016,R$ at average prices of jun-jul-ago 2026 (IPCA-based PNADC deflator; SIDRA t6389 as released 2026-09-29)
201611,3158,set-out-nov 2016,R$ at average prices of jun-jul-ago 2026 (IPCA-based PNADC deflator; SIDRA t6389 as released 2026-09-29)
201612,3170,out-nov-dez 2016,R$ at average prices of jun-jul-ago 2026 (IPCA-based PNADC deflator; SIDRA t6389 as released 2026-09-29)
201701,3184,nov-dez-jan 2016/2017,R$ at average prices of jun-jul-ago 2026 (IPCA-based PNADC deflator; SIDRA t6389 as released 2026-09-29)
201702,3196,dez-jan-fev 2016/2017,R$ at average prices of jun-jul-ago 2026 (IPCA-based PNADC deflator; SIDRA t6389 as released 2026-09-29)
201703,3210,jan-fev-mar 2017,R$ at average prices of jun-jul-ago 2026 (IPCA-based PNADC deflator; SIDRA t6389 as released 2026-09-29)
201704,3190,fev-mar-abr 2017,R$ at average prices of jun-jul-ago 2026 (IPCA-based PNADC deflator; SIDRA t6389 as released 2026-09-29)
201705,3179,mar-abr-mai 2017,R$ at average prices of jun-jul-ago 2026 (IPCA-based PNADC deflator; SIDRA t6389 as released 2026-09-29)
201706,3172,abr-mai-jun 2017,R$ at average prices of jun-jul-ago 2026 (IPCA-based PNADC deflator; SIDRA t6389 as released 2026-09-29)
201707,3172,mai-jun-jul 2017,R$ at average prices of jun-jul-ago 2026 (IPCA-based PNADC deflator; SIDRA t6389 as released 2026-09-29)
201708,3169,jun-jul-ago 2017,R$ at average prices of jun-jul-ago 2026 (IPCA-based PNADC deflator; SIDRA t6389 as released 2026-09-29)
201709,3182,jul-ago-set 2017,R$ at average prices of jun-jul-ago 2026 (IPCA-based PNADC deflator; SIDRA t6389 as released 2026-09-29)
201710,3190,ago-set-out 2017,R$ at average prices of jun-jul-ago 2026 (IPCA-based PNADC deflator; SIDRA t6389 as released 2026-09-29)
201711,3202,set-out-nov 2017,R$ at average prices of jun-jul-ago 2026 (IPCA-based PNADC deflator; SIDRA t6389 as released 2026-09-29)
201712,3198,out-nov-dez 2017,R$ at average prices of jun-jul-ago 2026 (IPCA-based PNADC deflator; SIDRA t6389 as released 2026-09-29)
201801,3214,nov-dez-jan 2017/2018,R$ at average prices of jun-jul-ago 2026 (IPCA-based PNADC deflator; SIDRA t6389 as released 2026-09-29)
201802,3223,dez-jan-fev 2017/2018,R$ at average prices of jun-jul-ago 2026 (IPCA-based PNADC deflator; SIDRA t6389 as released 2026-09-29)
201803,3231,jan-fev-mar 2018,R$ at average prices of jun-jul-ago 2026 (IPCA-based PNADC deflator; SIDRA t6389 as released 2026-09-29)
201804,3237,fev-mar-abr 2018,R$ at average prices of jun-jul-ago 2026 (IPCA-based PNADC deflator; SIDRA t6389 as released 2026-09-29)
201805,3242,mar-abr-mai 2018,R$ at average prices of jun-jul-ago 2026 (IPCA-based PNADC deflator; SIDRA t6389 as released 2026-09-29)
201806,3231,abr-mai-jun 2018,R$ at average prices of jun-jul-ago 2026 (IPCA-based PNADC deflator; SIDRA t6389 as released 2026-09-29)
201807,3223,mai-jun-jul 2018,R$ at average prices of jun-jul-ago 2026 (IPCA-based PNADC deflator; SIDRA t6389 as released 2026-09-29)
201808,3236,jun-jul-ago 2018,R$ at average prices of jun-jul-ago 2026 (IPCA-based PNADC deflator; SIDRA t6389 as released 2026-09-29)
201809,3226,jul-ago-set 2018,R$ at average prices of jun-jul-ago 2026 (IPCA-based PNADC deflator; SIDRA t6389 as released 2026-09-29)
201810,3226,ago-set-out 2018,R$ at average prices of jun-jul-ago 2026 (IPCA-based PNADC deflator; SIDRA t6389 as released 2026-09-29)
201811,3225,set-out-nov 2018,R$ at average prices of jun-jul-ago 2026 (IPCA-based PNADC deflator; SIDRA t6389 as released 2026-09-29)
201812,3242,out-nov-dez 2018,R$ at average prices of jun-jul-ago 2026 (IPCA-based PNADC deflator; SIDRA t6389 as released 2026-09-29)
201901,3263,nov-dez-jan 2018/2019,R$ at average prices of jun-jul-ago 2026 (IPCA-based PNADC deflator; SIDRA t6389 as released 2026-09-29)
201902,3276,dez-jan-fev 2018/2019,R$ at average prices of jun-jul-ago 2026 (IPCA-based PNADC deflator; SIDRA t6389 as released 2026-09-29)
201903,3263,jan-fev-mar 2019,R$ at average prices of jun-jul-ago 2026 (IPCA-based PNADC deflator; SIDRA t6389 as released 2026-09-29)
201904,3246,fev-mar-abr 2019,R$ at average prices of jun-jul-ago 2026 (IPCA-based PNADC deflator; SIDRA t6389 as released 2026-09-29)
201905,3221,mar-abr-mai 2019,R$ at average prices of jun-jul-ago 2026 (IPCA-based PNADC deflator; SIDRA t6389 as released 2026-09-29)
201906,3218,abr-mai-jun 2019,R$ at average prices of jun-jul-ago 2026 (IPCA-based PNADC deflator; SIDRA t6389 as released 2026-09-29)
201907,3209,mai-jun-jul 2019,R$ at average prices of jun-jul-ago 2026 (IPCA-based PNADC deflator; SIDRA t6389 as released 2026-09-29)
201908,3222,jun-jul-ago 2019,R$ at average prices of jun-jul-ago 2026 (IPCA-based PNADC deflator; SIDRA t6389 as released 2026-09-29)
201909,3225,jul-ago-set 2019,R$ at average prices of jun-jul-ago 2026 (IPCA-based PNADC deflator; SIDRA t6389 as released 2026-09-29)
201910,3246,ago-set-out 2019,R$ at average prices of jun-jul-ago 2026 (IPCA-based PNADC deflator; SIDRA t6389 as released 2026-09-29)
201911,3259,set-out-nov 2019,R$ at average prices of jun-jul-ago 2026 (IPCA-based PNADC deflator; SIDRA t6389 as released 2026-09-29)
201912,3248,out-nov-dez 2019,R$ at average prices of jun-jul-ago 2026 (IPCA-based PNADC deflator; SIDRA t6389 as released 2026-09-29)
202001,3259,nov-dez-jan 2019/2020,R$ at average prices of jun-jul-ago 2026 (IPCA-based PNADC deflator; SIDRA t6389 as released 2026-09-29)
202002,3267,dez-jan-fev 2019/2020,R$ at average prices of jun-jul-ago 2026 (IPCA-based PNADC deflator; SIDRA t6389 as released 2026-09-29)
202003,3294,jan-fev-mar 2020,R$ at average prices of jun-jul-ago 2026 (IPCA-based PNADC deflator; SIDRA t6389 as released 2026-09-29)
202004,3334,fev-mar-abr 2020,R$ at average prices of jun-jul-ago 2026 (IPCA-based PNADC deflator; SIDRA t6389 as released 2026-09-29)
202005,3392,mar-abr-mai 2020,R$ at average prices of jun-jul-ago 2026 (IPCA-based PNADC deflator; SIDRA t6389 as released 2026-09-29)
202006,3444,abr-mai-jun 2020,R$ at average prices of jun-jul-ago 2026 (IPCA-based PNADC deflator; SIDRA t6389 as released 2026-09-29)
202007,3484,mai-jun-jul 2020,R$ at average prices of jun-jul-ago 2026 (IPCA-based PNADC deflator; SIDRA t6389 as released 2026-09-29)
202008,3481,jun-jul-ago 2020,R$ at average prices of jun-jul-ago 2026 (IPCA-based PNADC deflator; SIDRA t6389 as released 2026-09-29)
202009,3484,jul-ago-set 2020,R$ at average prices of jun-jul-ago 2026 (IPCA-based PNADC deflator; SIDRA t6389 as released 2026-09-29)
202010,3433,ago-set-out 2020,R$ at average prices of jun-jul-ago 2026 (IPCA-based PNADC deflator; SIDRA t6389 as released 2026-09-29)
202011,3398,set-out-nov 2020,R$ at average prices of jun-jul-ago 2026 (IPCA-based PNADC deflator; SIDRA t6389 as released 2026-09-29)
202012,3349,out-nov-dez 2020,R$ at average prices of jun-jul-ago 2026 (IPCA-based PNADC deflator; SIDRA t6389 as released 2026-09-29)
202101,3332,nov-dez-jan 2020/2021,R$ at average prices of jun-jul-ago 2026 (IPCA-based PNADC deflator; SIDRA t6389 as released 2026-09-29)
202102,3298,dez-jan-fev 2020/2021,R$ at average prices of jun-jul-ago 2026 (IPCA-based PNADC deflator; SIDRA t6389 as released 2026-09-29)
202103,3310,jan-fev-mar 2021,R$ at average prices of jun-jul-ago 2026 (IPCA-based PNADC deflator; SIDRA t6389 as released 2026-09-29)
202104,3270,fev-mar-abr 2021,R$ at average prices of jun-jul-ago 2026 (IPCA-based PNADC deflator; SIDRA t6389 as released 2026-09-29)
202105,3260,mar-abr-mai 2021,R$ at average prices of jun-jul-ago 2026 (IPCA-based PNADC deflator; SIDRA t6389 as released 2026-09-29)
202106,3207,abr-mai-jun 2021,R$ at average prices of jun-jul-ago 2026 (IPCA-based PNADC deflator; SIDRA t6389 as released 2026-09-29)
202107,3185,mai-jun-jul 2021,R$ at average prices of jun-jul-ago 2026 (IPCA-based PNADC deflator; SIDRA t6389 as released 2026-09-29)
202108,3139,jun-jul-ago 2021,R$ at average prices of jun-jul-ago 2026 (IPCA-based PNADC deflator; SIDRA t6389 as released 2026-09-29)
202109,3083,jul-ago-set 2021,R$ at average prices of jun-jul-ago 2026 (IPCA-based PNADC deflator; SIDRA t6389 as released 2026-09-29)
202110,3040,ago-set-out 2021,R$ at average prices of jun-jul-ago 2026 (IPCA-based PNADC deflator; SIDRA t6389 as released 2026-09-29)
202111,3004,set-out-nov 2021,R$ at average prices of jun-jul-ago 2026 (IPCA-based PNADC deflator; SIDRA t6389 as released 2026-09-29)
202112,2980,out-nov-dez 2021,R$ at average prices of jun-jul-ago 2026 (IPCA-based PNADC deflator; SIDRA t6389 as released 2026-09-29)
202201,3010,nov-dez-jan 2021/2022,R$ at average prices of jun-jul-ago 2026 (IPCA-based PNADC deflator; SIDRA t6389 as released 2026-09-29)
202202,3018,dez-jan-fev 2021/2022,R$ at average prices of jun-jul-ago 2026 (IPCA-based PNADC deflator; SIDRA t6389 as released 2026-09-29)
202203,3034,jan-fev-mar 2022,R$ at average prices of jun-jul-ago 2026 (IPCA-based PNADC deflator; SIDRA t6389 as released 2026-09-29)
202204,3023,fev-mar-abr 2022,R$ at average prices of jun-jul-ago 2026 (IPCA-based PNADC deflator; SIDRA t6389 as released 2026-09-29)
202205,3033,mar-abr-mai 2022,R$ at average prices of jun-jul-ago 2026 (IPCA-based PNADC deflator; SIDRA t6389 as released 2026-09-29)
202206,3052,abr-mai-jun 2022,R$ at average prices of jun-jul-ago 2026 (IPCA-based PNADC deflator; SIDRA t6389 as released 2026-09-29)
202207,3087,mai-jun-jul 2022,R$ at average prices of jun-jul-ago 2026 (IPCA-based PNADC deflator; SIDRA t6389 as released 2026-09-29)
202208,3117,jun-jul-ago 2022,R$ at average prices of jun-jul-ago 2026 (IPCA-based PNADC deflator; SIDRA t6389 as released 2026-09-29)
202209,3159,jul-ago-set 2022,R$ at average prices of jun-jul-ago 2026 (IPCA-based PNADC deflator; SIDRA t6389 as released 2026-09-29)
202210,3183,ago-set-out 2022,R$ at average prices of jun-jul-ago 2026 (IPCA-based PNADC deflator; SIDRA t6389 as released 2026-09-29)
202211,3215,set-out-nov 2022,R$ at average prices of jun-jul-ago 2026 (IPCA-based PNADC deflator; SIDRA t6389 as released 2026-09-29)
202212,3222,out-nov-dez 2022,R$ at average prices of jun-jul-ago 2026 (IPCA-based PNADC deflator; SIDRA t6389 as released 2026-09-29)
202301,3236,nov-dez-jan 2022/2023,R$ at average prices of jun-jul-ago 2026 (IPCA-based PNADC deflator; SIDRA t6389 as released 2026-09-29)
202302,3237,dez-jan-fev 2022/2023,R$ at average prices of jun-jul-ago 2026 (IPCA-based PNADC deflator; SIDRA t6389 as released 2026-09-29)
202303,3246,jan-fev-mar 2023,R$ at average prices of jun-jul-ago 2026 (IPCA-based PNADC deflator; SIDRA t6389 as released 2026-09-29)
202304,3231,fev-mar-abr 2023,R$ at average prices of jun-jul-ago 2026 (IPCA-based PNADC deflator; SIDRA t6389 as released 2026-09-29)
202305,3227,mar-abr-mai 2023,R$ at average prices of jun-jul-ago 2026 (IPCA-based PNADC deflator; SIDRA t6389 as released 2026-09-29)
202306,3240,abr-mai-jun 2023,R$ at average prices of jun-jul-ago 2026 (IPCA-based PNADC deflator; SIDRA t6389 as released 2026-09-29)
202307,3259,mai-jun-jul 2023,R$ at average prices of jun-jul-ago 2026 (IPCA-based PNADC deflator; SIDRA t6389 as released 2026-09-29)
202308,3267,jun-jul-ago 2023,R$ at average prices of jun-jul-ago 2026 (IPCA-based PNADC deflator; SIDRA t6389 as released 2026-09-29)
202309,3299,jul-ago-set 2023,R$ at average prices of jun-jul-ago 2026 (IPCA-based PNADC deflator; SIDRA t6389 as released 2026-09-29)
202310,3310,ago-set-out 2023,R$ at average prices of jun-jul-ago 2026 (IPCA-based PNADC deflator; SIDRA t6389 as released 2026-09-29)
202311,3338,set-out-nov 2023,R$ at average prices of jun-jul-ago 2026 (IPCA-based PNADC deflator; SIDRA t6389 as released 2026-09-29)
202312,3323,out-nov-dez 2023,R$ at average prices of jun-jul-ago 2026 (IPCA-based PNADC deflator; SIDRA t6389 as released 2026-09-29)
202401,3359,nov-dez-jan 2023/2024,R$ at average prices of jun-jul-ago 2026 (IPCA-based PNADC deflator; SIDRA t6389 as released 2026-09-29)
202402,3374,dez-jan-fev 2023/2024,R$ at average prices of jun-jul-ago 2026 (IPCA-based PNADC deflator; SIDRA t6389 as released 2026-09-29)
202403,3369,jan-fev-mar 2024,R$ at average prices of jun-jul-ago 2026 (IPCA-based PNADC deflator; SIDRA t6389 as released 2026-09-29)
202404,3380,fev-mar-abr 2024,R$ at average prices of jun-jul-ago 2026 (IPCA-based PNADC deflator; SIDRA t6389 as released 2026-09-29)
202405,3397,mar-abr-mai 2024,R$ at average prices of jun-jul-ago 2026 (IPCA-based PNADC deflator; SIDRA t6389 as released 2026-09-29)
202406,3419,abr-mai-jun 2024,R$ at average prices of jun-jul-ago 2026 (IPCA-based PNADC deflator; SIDRA t6389 as released 2026-09-29)
202407,3403,mai-jun-jul 2024,R$ at average prices of jun-jul-ago 2026 (IPCA-based PNADC deflator; SIDRA t6389 as released 2026-09-29)
202408,3422,jun-jul-ago 2024,R$ at average prices of jun-jul-ago 2026 (IPCA-based PNADC deflator; SIDRA t6389 as released 2026-09-29)
202409,3412,jul-ago-set 2024,R$ at average prices of jun-jul-ago 2026 (IPCA-based PNADC deflator; SIDRA t6389 as released 2026-09-29)
202410,3426,ago-set-out 2024,R$ at average prices of jun-jul-ago 2026 (IPCA-based PNADC deflator; SIDRA t6389 as released 2026-09-29)
202411,3440,set-out-nov 2024,R$ at average prices of jun-jul-ago 2026 (IPCA-based PNADC deflator; SIDRA t6389 as released 2026-09-29)
202412,3457,out-nov-dez 2024,R$ at average prices of jun-jul-ago 2026 (IPCA-based PNADC deflator; SIDRA t6389 as released 2026-09-29)
202501,3478,nov-dez-jan 2024/2025,R$ at average prices of jun-jul-ago 2026 (IPCA-based PNADC deflator; SIDRA t6389 as released 2026-09-29)
202502,3495,dez-jan-fev 2024/2025,R$ at average prices of jun-jul-ago 2026 (IPCA-based PNADC deflator; SIDRA t6389 as released 2026-09-29)
202503,3507,jan-fev-mar 2025,R$ at average prices of jun-jul-ago 2026 (IPCA-based PNADC deflator; SIDRA t6389 as released 2026-09-29)
202504,3490,fev-mar-abr 2025,R$ at average prices of jun-jul-ago 2026 (IPCA-based PNADC deflator; SIDRA t6389 as released 2026-09-29)
202505,3502,mar-abr-mai 2025,R$ at average prices of jun-jul-ago 2026 (IPCA-based PNADC deflator; SIDRA t6389 as released 2026-09-29)
202506,3530,abr-mai-jun 2025,R$ at average prices of jun-jul-ago 2026 (IPCA-based PNADC deflator; SIDRA t6389 as released 2026-09-29)
202507,3533,mai-jun-jul 2025,R$ at average prices of jun-jul-ago 2026 (IPCA-based PNADC deflator; SIDRA t6389 as released 2026-09-29)
202508,3535,jun-jul-ago 2025,R$ at average prices of jun-jul-ago 2026 (IPCA-based PNADC deflator; SIDRA t6389 as released 2026-09-29)
202509,3549,jul-ago-set 2025,R$ at average prices of jun-jul-ago 2026 (IPCA-based PNADC deflator; SIDRA t6389 as released 2026-09-29)
202510,3563,ago-set-out 2025,R$ at average prices of jun-jul-ago 2026 (IPCA-based PNADC deflator; SIDRA t6389 as released 2026-09-29)
202511,3602,set-out-nov 2025,R$ at average prices of jun-jul-ago 2026 (IPCA-based PNADC deflator; SIDRA t6389 as released 2026-09-29)
202512,3633,out-nov-dez 2025,R$ at average prices of jun-jul-ago 2026 (IPCA-based PNADC deflator; SIDRA t6389 as released 2026-09-29)
202601,3663,nov-dez-jan 2025/2026,R$ at average prices of jun-jul-ago 2026 (IPCA-based PNADC deflator; SIDRA t6389 as released 2026-09-29)
202602,3668,dez-jan-fev 2025/2026,R$ at average prices of jun-jul-ago 2026 (IPCA-based PNADC deflator; SIDRA t6389 as released 2026-09-29)
202603,3689,jan-fev-mar 2026,R$ at average prices of jun-jul-ago 2026 (IPCA-based PNADC deflator; SIDRA t6389 as released 2026-09-29)
202604,3666,fev-mar-abr 2026,R$ at average prices of jun-jul-ago 2026 (IPCA-based PNADC deflator; SIDRA t6389 as released 2026-09-29)
202605,3637,mar-abr-mai 2026,R$ at average prices of jun-jul-ago 2026 (IPCA-based PNADC deflator; SIDRA t6389 as released 2026-09-29)
202606,3630,abr-mai-jun 2026,R$ at average prices of jun-jul-ago 2026 (IPCA-based PNADC deflator; SIDRA t6389 as released 2026-09-29)
202607,3643,mai-jun-jul 2026,R$ at average prices of jun-jul-ago 2026 (IPCA-based PNADC deflator; SIDRA t6389 as released 2026-09-29)
202608,3660,jun-jul-ago 2026,R$ at average prices of jun-jul-ago 2026 (IPCA-based PNADC deflator; SIDRA t6389 as released 2026-09-29)
