year,income_brl,price_base,period_label,type,variant,income_brl_2t2026_prices,income_brl_ibge_annual,note
2012,3090,R$ at average prices of jun-jul-ago 2026 (IPCA-based PNADC deflator; SIDRA t6389 as released 2026-09-29),2012 mean of 4 quarters,observed,qavg,3083.0,2985.0,"income_brl_ibge_annual = IBGE official annual estimate (t4659, annual visit database), constant R$ of 2025 (latest year of that table; exact reference month not stated); different base and method from income_brl."
2013,3188,R$ at average prices of jun-jul-ago 2026 (IPCA-based PNADC deflator; SIDRA t6389 as released 2026-09-29),2013 mean of 4 quarters,observed,qavg,3181.0,3089.0,"income_brl_ibge_annual = IBGE official annual estimate (t4659, annual visit database), constant R$ of 2025 (latest year of that table; exact reference month not stated); different base and method from income_brl."
2014,3257,R$ at average prices of jun-jul-ago 2026 (IPCA-based PNADC deflator; SIDRA t6389 as released 2026-09-29),2014 mean of 4 quarters,observed,qavg,3249.0,3193.0,"income_brl_ibge_annual = IBGE official annual estimate (t4659, annual visit database), constant R$ of 2025 (latest year of that table; exact reference month not stated); different base and method from income_brl."
2015,3213,R$ at average prices of jun-jul-ago 2026 (IPCA-based PNADC deflator; SIDRA t6389 as released 2026-09-29),2015 mean of 4 quarters,observed,qavg,3206.0,3063.0,"income_brl_ibge_annual = IBGE official annual estimate (t4659, annual visit database), constant R$ of 2025 (latest year of that table; exact reference month not stated); different base and method from income_brl."
2016,3150,R$ at average prices of jun-jul-ago 2026 (IPCA-based PNADC deflator; SIDRA t6389 as released 2026-09-29),2016 mean of 4 quarters,observed,qavg,3143.0,3075.0,"income_brl_ibge_annual = IBGE official annual estimate (t4659, annual visit database), constant R$ of 2025 (latest year of that table; exact reference month not stated); different base and method from income_brl."
2017,3190,R$ at average prices of jun-jul-ago 2026 (IPCA-based PNADC deflator; SIDRA t6389 as released 2026-09-29),2017 mean of 4 quarters,observed,qavg,3183.0,3049.0,"income_brl_ibge_annual = IBGE official annual estimate (t4659, annual visit database), constant R$ of 2025 (latest year of that table; exact reference month not stated); different base and method from income_brl."
2018,3232,R$ at average prices of jun-jul-ago 2026 (IPCA-based PNADC deflator; SIDRA t6389 as released 2026-09-29),2018 mean of 4 quarters,observed,qavg,3225.0,3114.0,"income_brl_ibge_annual = IBGE official annual estimate (t4659, annual visit database), constant R$ of 2025 (latest year of that table; exact reference month not stated); different base and method from income_brl."
2019,3238,R$ at average prices of jun-jul-ago 2026 (IPCA-based PNADC deflator; SIDRA t6389 as released 2026-09-29),2019 mean of 4 quarters,observed,qavg,3231.0,3095.0,"income_brl_ibge_annual = IBGE official annual estimate (t4659, annual visit database), constant R$ of 2025 (latest year of that table; exact reference month not stated); different base and method from income_brl."
2020,3393,R$ at average prices of jun-jul-ago 2026 (IPCA-based PNADC deflator; SIDRA t6389 as released 2026-09-29),2020 mean of 4 quarters,observed,qavg,3385.0,3209.0,"income_brl_ibge_annual = IBGE official annual estimate (t4659, annual visit database), constant R$ of 2025 (latest year of that table; exact reference month not stated); different base and method from income_brl."
2021,3145,R$ at average prices of jun-jul-ago 2026 (IPCA-based PNADC deflator; SIDRA t6389 as released 2026-09-29),2021 mean of 4 quarters,observed,qavg,3138.0,3013.0,"income_brl_ibge_annual = IBGE official annual estimate (t4659, annual visit database), constant R$ of 2025 (latest year of that table; exact reference month not stated); different base and method from income_brl."
2022,3117,R$ at average prices of jun-jul-ago 2026 (IPCA-based PNADC deflator; SIDRA t6389 as released 2026-09-29),2022 mean of 4 quarters,observed,qavg,3110.0,2946.0,"income_brl_ibge_annual = IBGE official annual estimate (t4659, annual visit database), constant R$ of 2025 (latest year of that table; exact reference month not stated); different base and method from income_brl."
2023,3277,R$ at average prices of jun-jul-ago 2026 (IPCA-based PNADC deflator; SIDRA t6389 as released 2026-09-29),2023 mean of 4 quarters,observed,qavg,3270.0,3152.0,"income_brl_ibge_annual = IBGE official annual estimate (t4659, annual visit database), constant R$ of 2025 (latest year of that table; exact reference month not stated); different base and method from income_brl."
2024,3414,R$ at average prices of jun-jul-ago 2026 (IPCA-based PNADC deflator; SIDRA t6389 as released 2026-09-29),2024 mean of 4 quarters,observed,qavg,3406.0,3263.0,"income_brl_ibge_annual = IBGE official annual estimate (t4659, annual visit database), constant R$ of 2025 (latest year of that table; exact reference month not stated); different base and method from income_brl."
2025,3555,R$ at average prices of jun-jul-ago 2026 (IPCA-based PNADC deflator; SIDRA t6389 as released 2026-09-29),2025 mean of 4 quarters,observed,qavg,3547.0,3447.0,"income_brl_ibge_annual = IBGE official annual estimate (t4659, annual visit database), constant R$ of 2025 (latest year of that table; exact reference month not stated); different base and method from income_brl."
2026,3660,R$ at average prices of jun-jul-ago 2026 (IPCA-based PNADC deflator; SIDRA t6389 as released 2026-09-29),2026 T1-T2 average,partial,avg_available_quarters,3650.0,,Mean of 2026-T1 and 2026-T2.
2026,3660,R$ at average prices of jun-jul-ago 2026 (IPCA-based PNADC deflator; SIDRA t6389 as released 2026-09-29),jun-jul-ago 2026,partial,latest_moving_quarter,,,Same moving quarter one year earlier (jun-jul-ago 2025) = R$ 3535 (same price base).
