period_code,year,quarter,period_label,income_brl_jja2026_prices,income_brl_2t2026_prices,source
201201,2012,T1,2012-T1 (jan-fev-mar),3077,3070,t6471 v5932 c11913[96165] (quarterly) and t6389 v5932 c11913[96165] (same calendar quarter read from the moving-quarter table)
201202,2012,T2,2012-T2 (abr-mai-jun),3088,3081,t6471 v5932 c11913[96165] (quarterly) and t6389 v5932 c11913[96165] (same calendar quarter read from the moving-quarter table)
201203,2012,T3,2012-T3 (jul-ago-set),3104,3097,t6471 v5932 c11913[96165] (quarterly) and t6389 v5932 c11913[96165] (same calendar quarter read from the moving-quarter table)
201204,2012,T4,2012-T4 (out-nov-dez),3091,3084,t6471 v5932 c11913[96165] (quarterly) and t6389 v5932 c11913[96165] (same calendar quarter read from the moving-quarter table)
201301,2013,T1,2013-T1 (jan-fev-mar),3147,3139,t6471 v5932 c11913[96165] (quarterly) and t6389 v5932 c11913[96165] (same calendar quarter read from the moving-quarter table)
201302,2013,T2,2013-T2 (abr-mai-jun),3182,3175,t6471 v5932 c11913[96165] (quarterly) and t6389 v5932 c11913[96165] (same calendar quarter read from the moving-quarter table)
201303,2013,T3,2013-T3 (jul-ago-set),3226,3218,t6471 v5932 c11913[96165] (quarterly) and t6389 v5932 c11913[96165] (same calendar quarter read from the moving-quarter table)
201304,2013,T4,2013-T4 (out-nov-dez),3199,3191,t6471 v5932 c11913[96165] (quarterly) and t6389 v5932 c11913[96165] (same calendar quarter read from the moving-quarter table)
201401,2014,T1,2014-T1 (jan-fev-mar),3265,3257,t6471 v5932 c11913[96165] (quarterly) and t6389 v5932 c11913[96165] (same calendar quarter read from the moving-quarter table)
201402,2014,T2,2014-T2 (abr-mai-jun),3240,3232,t6471 v5932 c11913[96165] (quarterly) and t6389 v5932 c11913[96165] (same calendar quarter read from the moving-quarter table)
201403,2014,T3,2014-T3 (jul-ago-set),3264,3257,t6471 v5932 c11913[96165] (quarterly) and t6389 v5932 c11913[96165] (same calendar quarter read from the moving-quarter table)
201404,2014,T4,2014-T4 (out-nov-dez),3259,3251,t6471 v5932 c11913[96165] (quarterly) and t6389 v5932 c11913[96165] (same calendar quarter read from the moving-quarter table)
201501,2015,T1,2015-T1 (jan-fev-mar),3258,3251,t6471 v5932 c11913[96165] (quarterly) and t6389 v5932 c11913[96165] (same calendar quarter read from the moving-quarter table)
201502,2015,T2,2015-T2 (abr-mai-jun),3240,3233,t6471 v5932 c11913[96165] (quarterly) and t6389 v5932 c11913[96165] (same calendar quarter read from the moving-quarter table)
201503,2015,T3,2015-T3 (jul-ago-set),3199,3191,t6471 v5932 c11913[96165] (quarterly) and t6389 v5932 c11913[96165] (same calendar quarter read from the moving-quarter table)
201504,2015,T4,2015-T4 (out-nov-dez),3156,3149,t6471 v5932 c11913[96165] (quarterly) and t6389 v5932 c11913[96165] (same calendar quarter read from the moving-quarter table)
201601,2016,T1,2016-T1 (jan-fev-mar),3160,3153,t6471 v5932 c11913[96165] (quarterly) and t6389 v5932 c11913[96165] (same calendar quarter read from the moving-quarter table)
201602,2016,T2,2016-T2 (abr-mai-jun),3122,3115,t6471 v5932 c11913[96165] (quarterly) and t6389 v5932 c11913[96165] (same calendar quarter read from the moving-quarter table)
201603,2016,T3,2016-T3 (jul-ago-set),3149,3141,t6471 v5932 c11913[96165] (quarterly) and t6389 v5932 c11913[96165] (same calendar quarter read from the moving-quarter table)
201604,2016,T4,2016-T4 (out-nov-dez),3170,3162,t6471 v5932 c11913[96165] (quarterly) and t6389 v5932 c11913[96165] (same calendar quarter read from the moving-quarter table)
201701,2017,T1,2017-T1 (jan-fev-mar),3210,3203,t6471 v5932 c11913[96165] (quarterly) and t6389 v5932 c11913[96165] (same calendar quarter read from the moving-quarter table)
201702,2017,T2,2017-T2 (abr-mai-jun),3172,3164,t6471 v5932 c11913[96165] (quarterly) and t6389 v5932 c11913[96165] (same calendar quarter read from the moving-quarter table)
201703,2017,T3,2017-T3 (jul-ago-set),3182,3174,t6471 v5932 c11913[96165] (quarterly) and t6389 v5932 c11913[96165] (same calendar quarter read from the moving-quarter table)
201704,2017,T4,2017-T4 (out-nov-dez),3198,3191,t6471 v5932 c11913[96165] (quarterly) and t6389 v5932 c11913[96165] (same calendar quarter read from the moving-quarter table)
201801,2018,T1,2018-T1 (jan-fev-mar),3231,3224,t6471 v5932 c11913[96165] (quarterly) and t6389 v5932 c11913[96165] (same calendar quarter read from the moving-quarter table)
201802,2018,T2,2018-T2 (abr-mai-jun),3231,3223,t6471 v5932 c11913[96165] (quarterly) and t6389 v5932 c11913[96165] (same calendar quarter read from the moving-quarter table)
201803,2018,T3,2018-T3 (jul-ago-set),3226,3219,t6471 v5932 c11913[96165] (quarterly) and t6389 v5932 c11913[96165] (same calendar quarter read from the moving-quarter table)
201804,2018,T4,2018-T4 (out-nov-dez),3242,3235,t6471 v5932 c11913[96165] (quarterly) and t6389 v5932 c11913[96165] (same calendar quarter read from the moving-quarter table)
201901,2019,T1,2019-T1 (jan-fev-mar),3263,3255,t6471 v5932 c11913[96165] (quarterly) and t6389 v5932 c11913[96165] (same calendar quarter read from the moving-quarter table)
201902,2019,T2,2019-T2 (abr-mai-jun),3218,3211,t6471 v5932 c11913[96165] (quarterly) and t6389 v5932 c11913[96165] (same calendar quarter read from the moving-quarter table)
201903,2019,T3,2019-T3 (jul-ago-set),3225,3217,t6471 v5932 c11913[96165] (quarterly) and t6389 v5932 c11913[96165] (same calendar quarter read from the moving-quarter table)
201904,2019,T4,2019-T4 (out-nov-dez),3248,3240,t6471 v5932 c11913[96165] (quarterly) and t6389 v5932 c11913[96165] (same calendar quarter read from the moving-quarter table)
202001,2020,T1,2020-T1 (jan-fev-mar),3294,3287,t6471 v5932 c11913[96165] (quarterly) and t6389 v5932 c11913[96165] (same calendar quarter read from the moving-quarter table)
202002,2020,T2,2020-T2 (abr-mai-jun),3444,3436,t6471 v5932 c11913[96165] (quarterly) and t6389 v5932 c11913[96165] (same calendar quarter read from the moving-quarter table)
202003,2020,T3,2020-T3 (jul-ago-set),3484,3476,t6471 v5932 c11913[96165] (quarterly) and t6389 v5932 c11913[96165] (same calendar quarter read from the moving-quarter table)
202004,2020,T4,2020-T4 (out-nov-dez),3349,3341,t6471 v5932 c11913[96165] (quarterly) and t6389 v5932 c11913[96165] (same calendar quarter read from the moving-quarter table)
202101,2021,T1,2021-T1 (jan-fev-mar),3310,3302,t6471 v5932 c11913[96165] (quarterly) and t6389 v5932 c11913[96165] (same calendar quarter read from the moving-quarter table)
202102,2021,T2,2021-T2 (abr-mai-jun),3207,3199,t6471 v5932 c11913[96165] (quarterly) and t6389 v5932 c11913[96165] (same calendar quarter read from the moving-quarter table)
202103,2021,T3,2021-T3 (jul-ago-set),3083,3075,t6471 v5932 c11913[96165] (quarterly) and t6389 v5932 c11913[96165] (same calendar quarter read from the moving-quarter table)
202104,2021,T4,2021-T4 (out-nov-dez),2980,2974,t6471 v5932 c11913[96165] (quarterly) and t6389 v5932 c11913[96165] (same calendar quarter read from the moving-quarter table)
202201,2022,T1,2022-T1 (jan-fev-mar),3034,3027,t6471 v5932 c11913[96165] (quarterly) and t6389 v5932 c11913[96165] (same calendar quarter read from the moving-quarter table)
202202,2022,T2,2022-T2 (abr-mai-jun),3052,3045,t6471 v5932 c11913[96165] (quarterly) and t6389 v5932 c11913[96165] (same calendar quarter read from the moving-quarter table)
202203,2022,T3,2022-T3 (jul-ago-set),3159,3152,t6471 v5932 c11913[96165] (quarterly) and t6389 v5932 c11913[96165] (same calendar quarter read from the moving-quarter table)
202204,2022,T4,2022-T4 (out-nov-dez),3222,3214,t6471 v5932 c11913[96165] (quarterly) and t6389 v5932 c11913[96165] (same calendar quarter read from the moving-quarter table)
202301,2023,T1,2023-T1 (jan-fev-mar),3246,3238,t6471 v5932 c11913[96165] (quarterly) and t6389 v5932 c11913[96165] (same calendar quarter read from the moving-quarter table)
202302,2023,T2,2023-T2 (abr-mai-jun),3240,3233,t6471 v5932 c11913[96165] (quarterly) and t6389 v5932 c11913[96165] (same calendar quarter read from the moving-quarter table)
202303,2023,T3,2023-T3 (jul-ago-set),3299,3292,t6471 v5932 c11913[96165] (quarterly) and t6389 v5932 c11913[96165] (same calendar quarter read from the moving-quarter table)
202304,2023,T4,2023-T4 (out-nov-dez),3323,3316,t6471 v5932 c11913[96165] (quarterly) and t6389 v5932 c11913[96165] (same calendar quarter read from the moving-quarter table)
202401,2024,T1,2024-T1 (jan-fev-mar),3369,3361,t6471 v5932 c11913[96165] (quarterly) and t6389 v5932 c11913[96165] (same calendar quarter read from the moving-quarter table)
202402,2024,T2,2024-T2 (abr-mai-jun),3419,3411,t6471 v5932 c11913[96165] (quarterly) and t6389 v5932 c11913[96165] (same calendar quarter read from the moving-quarter table)
202403,2024,T3,2024-T3 (jul-ago-set),3412,3404,t6471 v5932 c11913[96165] (quarterly) and t6389 v5932 c11913[96165] (same calendar quarter read from the moving-quarter table)
202404,2024,T4,2024-T4 (out-nov-dez),3457,3449,t6471 v5932 c11913[96165] (quarterly) and t6389 v5932 c11913[96165] (same calendar quarter read from the moving-quarter table)
202501,2025,T1,2025-T1 (jan-fev-mar),3507,3499,t6471 v5932 c11913[96165] (quarterly) and t6389 v5932 c11913[96165] (same calendar quarter read from the moving-quarter table)
202502,2025,T2,2025-T2 (abr-mai-jun),3530,3522,t6471 v5932 c11913[96165] (quarterly) and t6389 v5932 c11913[96165] (same calendar quarter read from the moving-quarter table)
202503,2025,T3,2025-T3 (jul-ago-set),3549,3541,t6471 v5932 c11913[96165] (quarterly) and t6389 v5932 c11913[96165] (same calendar quarter read from the moving-quarter table)
202504,2025,T4,2025-T4 (out-nov-dez),3633,3625,t6471 v5932 c11913[96165] (quarterly) and t6389 v5932 c11913[96165] (same calendar quarter read from the moving-quarter table)
202601,2026,T1,2026-T1 (jan-fev-mar),3689,3680,t6471 v5932 c11913[96165] (quarterly) and t6389 v5932 c11913[96165] (same calendar quarter read from the moving-quarter table)
202602,2026,T2,2026-T2 (abr-mai-jun),3630,3621,t6471 v5932 c11913[96165] (quarterly) and t6389 v5932 c11913[96165] (same calendar quarter read from the moving-quarter table)
