year,period_label,exp_to_arg_usd,imp_from_arg_usd,total_bilateral_usd,balance_usd,br_total_exp_usd,br_total_imp_usd,share_exp_pct,share_imp_pct,share_total_pct,arg_rank_total,type,arg_rank_exp,arg_rank_imp
2010,2010,18507273060,14433414066,32940687126,4073858994,200434134826,183336964846,9.23,7.87,8.58,3,full,3,3
2011,2011,22701356452,16905974657,39607331109,5795381795,253666309507,227969756701,8.95,7.42,8.22,3,full,3,3
2012,2012,17986736999,16433514221,34420251220,1553222778,239952538158,225166426069,7.5,7.3,7.4,3,full,3,3
2013,2013,19612849252,16462407620,36075256872,3150441632,232544255606,241500886459,8.43,6.82,7.61,3,full,3,3
2014,2014,14277231375,14142776088,28420007463,134455287,220923236838,230823018796,6.46,6.13,6.29,3,full,3,3
2015,2015,12793412815,10284395087,23077807902,2509017728,186782355063,173104259077,6.85,5.94,6.41,3,full,3,4
2016,2016,13417339572,9084526540,22501866112,4332813032,179526129214,139321357653,7.47,6.52,7.06,3,full,3,4
2017,2017,17618822550,9445651277,27064473827,8173171273,214988108353,158951444003,8.2,5.94,7.24,3,full,3,4
2018,2018,14912622709,11128984988,26041607697,3783637721,231889523399,185321983502,6.43,6.01,6.24,3,full,3,3
2019,2019,9791499854,10650947790,20442447644,-859447936,221126807647,185927967580,4.43,5.73,5.02,3,full,3,4
2020,2020,8488738068,7897095769,16385833837,591642299,209180241655,158786824879,4.06,4.97,4.45,3,full,3,4
2021,2021,11878463042,11948896309,23827359351,-70433267,280814577460,219408049180,4.23,5.45,4.76,3,full,3,3
2022,2022,15344651930,13099925718,28444577648,2244726212,334136038220,272610686946,4.59,4.81,4.69,3,full,3,3
2023,2023,16712209284,11997506946,28709716230,4714702338,339695766008,240792839224,4.92,4.98,4.95,3,full,3,4
2024,2024,13777621257,13577045088,27354666345,200576169,337046161710,262869606174,4.09,5.16,4.56,3,full,3,4
2025,2025,18105303283,12934607997,31039911280,5170695286,348278462500,280208433825,5.2,4.62,4.94,3,full,3,4
2025,ene–ago 2025,12396250856,8294737806,20690988662,4101513050,227407790484,184249350140,5.45,4.5,5.03,3,partial,3,4
2026,ene–ago 2026,10227974053,8646641246,18874615299,1581332807,250855147059,195537511751,4.08,4.42,4.23,3,partial,3,4
