year,period_label,partner,exp_usd,imp_usd,total_usd,share_total_pct,rank_total,type
2010,2010,China,30747553704.0,25591491902.0,56339045606.0,14.68037735362346,1.0,full
2010,2010,Estados Unidos,19300479652.0,27037850446.0,46338330098.0,12.074470990026155,2.0,full
2010,2010,Argentina,18507273060.0,14433414066.0,32940687126.0,8.583420469689775,3.0,full
2010,2010,TOP5: China; Estados Unidos; Argentina; Alemanha; Japão,,,,,,full
2011,2011,China,44304607898.0,32786183569.0,77090791467.0,16.006025477690756,1.0,full
2011,2011,Estados Unidos,25776499338.0,33972500908.0,59749000246.0,12.405424850429851,2.0,full
2011,2011,Argentina,22701356452.0,16905974657.0,39607331109.0,8.223497758553473,3.0,full
2011,2011,TOP5: China; Estados Unidos; Argentina; Alemanha; Japão,,,,,,full
2012,2012,China,41225811420.0,34244740324.0,75470551744.0,16.226074950400605,1.0,full
2012,2012,Estados Unidos,26646256699.0,32482813303.0,59129070002.0,12.712676659028297,2.0,full
2012,2012,Argentina,17986736999.0,16433514221.0,34420251220.0,7.400311289651327,3.0,full
2012,2012,TOP5: China; Estados Unidos; Argentina; Alemanha; Países Baixos (Holanda),,,,,,full
2013,2013,China,46023192076.0,37325464635.0,83348656711.0,17.58243030356198,1.0,full
2013,2013,Estados Unidos,24643775745.0,36016223696.0,60659999441.0,12.796249567447827,2.0,full
2013,2013,Argentina,19612849252.0,16462407620.0,36075256872.0,7.6100889284196995,3.0,full
2013,2013,TOP5: China; Estados Unidos; Argentina; Alemanha; Países Baixos (Holanda),,,,,,full
2014,2014,China,40611876675.0,37349481603.0,77961358278.0,17.257776308203308,1.0,full
2014,2014,Estados Unidos,27016702588.0,35015210707.0,62031913295.0,13.731583277417931,2.0,full
2014,2014,Argentina,14277231375.0,14142776088.0,28420007463.0,6.2911440014293305,3.0,full
2014,2014,TOP5: China; Estados Unidos; Argentina; Alemanha; Países Baixos (Holanda),,,,,,full
2015,2015,China,35155353691.0,30714059053.0,65869412744.0,18.302823766147647,1.0,full
2015,2015,Estados Unidos,24037439900.0,26480395048.0,50517834948.0,14.03715308187261,2.0,full
2015,2015,Argentina,12793412815.0,10284395087.0,23077807902.0,6.412521887524961,3.0,full
2015,2015,TOP5: China; Estados Unidos; Argentina; Alemanha; Países Baixos (Holanda),,,,,,full
2016,2016,China,35133314867.0,23349925863.0,58483240730.0,18.342073605364487,1.0,full
2016,2016,Estados Unidos,23155033824.0,23816439862.0,46971473686.0,14.731643064696033,2.0,full
2016,2016,Argentina,13417339572.0,9084526540.0,22501866112.0,7.05725057867122,3.0,full
2016,2016,TOP5: China; Estados Unidos; Argentina; Alemanha; Países Baixos (Holanda),,,,,,full
2017,2017,China,47488449966.0,27553978176.0,75042428142.0,20.068063853956186,1.0,full
2017,2017,Estados Unidos,26872491075.0,27809786079.0,54682277154.0,14.623293205940696,2.0,full
2017,2017,Argentina,17618822550.0,9445651277.0,27064473827.0,7.237660112839288,3.0,full
2017,2017,TOP5: China; Estados Unidos; Argentina; Alemanha; Japão,,,,,,full
2018,2018,China,63929563241.0,35157236888.0,99086800129.0,23.749776429946905,1.0,full
2018,2018,Estados Unidos,28697187835.0,32831387703.0,61528575538.0,14.747573957158401,2.0,full
2018,2018,Argentina,14912622709.0,11128984988.0,26041607697.0,6.24182393492311,3.0,full
2018,2018,TOP5: China; Estados Unidos; Argentina; Alemanha; Países Baixos (Holanda),,,,,,full
2019,2019,China,63357523149.0,36028297004.0,99385820153.0,24.415834477700464,1.0,full
2019,2019,Estados Unidos,29715896624.0,34774253640.0,64490150264.0,15.843113553461235,2.0,full
2019,2019,Argentina,9791499854.0,10650947790.0,20442447644.0,5.022038528500242,3.0,full
2019,2019,TOP5: China; Estados Unidos; Argentina; Alemanha; Japão,,,,,,full
2020,2020,China,67788075211.0,34778441387.0,102566516598.0,27.8738305479637,1.0,full
2020,2020,Estados Unidos,21471033994.0,27875749399.0,49346783393.0,13.410652169992604,2.0,full
2020,2020,Argentina,8488738068.0,7897095769.0,16385833837.0,4.453070757484748,3.0,full
2020,2020,TOP5: China; Estados Unidos; Argentina; Alemanha; Japão,,,,,,full
2021,2021,China,87907887856.0,47650945510.0,135558833366.0,27.099700442690875,1.0,full
2021,2021,Estados Unidos,31145209269.0,39385250785.0,70530460054.0,14.099814022359155,2.0,full
2021,2021,Argentina,11878463042.0,11948896309.0,23827359351.0,4.763350972555679,3.0,full
2021,2021,TOP5: China; Estados Unidos; Argentina; Alemanha; Índia,,,,,,full
2022,2022,China,89427761284.0,60743964876.0,150171726160.0,24.75031507074298,1.0,full
2022,2022,Estados Unidos,37437814354.0,51304351542.0,88742165896.0,14.625899442921757,2.0,full
2022,2022,Argentina,15344651930.0,13099925718.0,28444577648.0,4.688047989087678,3.0,full
2022,2022,TOP5: China; Estados Unidos; Argentina; Alemanha; Índia,,,,,,full
2023,2023,China,104324811805.0,53175757148.0,157500568953.0,27.132413544974376,1.0,full
2023,2023,Estados Unidos,36915459733.0,37958896968.0,74874356701.0,12.898505849408615,2.0,full
2023,2023,Argentina,16712209284.0,11997506946.0,28709716230.0,4.945784632331548,3.0,full
2023,2023,TOP5: China; Estados Unidos; Argentina; Alemanha; Países Baixos (Holanda),,,,,,full
2024,2024,China,94372036594.0,63636345571.0,158008382165.0,26.338427930027766,1.0,full
2024,2024,Estados Unidos,40368569157.0,40652417455.0,81020986612.0,13.50539374848808,2.0,full
2024,2024,Argentina,13777621257.0,13577045088.0,27354666345.0,4.559751186651475,3.0,full
2024,2024,TOP5: China; Estados Unidos; Argentina; Alemanha; Países Baixos (Holanda),,,,,,full
2025,2025,China,99940244710.0,70915558414.0,170855803124.0,27.18526100115346,1.0,full
2025,2025,Estados Unidos,37682246914.0,45141941682.0,82824188596.0,13.178347723763897,2.0,full
2025,2025,Argentina,18105303283.0,12934607997.0,31039911280.0,4.938831893155143,3.0,full
2025,2025,TOP5: China; Estados Unidos; Argentina; Alemanha; Índia,,,,,,full
2026,ene–ago 2026,China,77070422805.0,51561499839.0,128631922644.0,28.815868743654708,1.0,partial
2026,ene–ago 2026,Estados Unidos,24104879482.0,27315950598.0,51420830080.0,11.51919259090828,2.0,partial
2026,ene–ago 2026,Argentina,10227974053.0,8646641246.0,18874615299.0,4.228253965761046,3.0,partial
2026,ene–ago 2026,TOP5: China; Estados Unidos; Argentina; Alemanha; Índia,,,,,,partial
2025,ene–ago 2025,China,67040336738.0,47080394753.0,114120731491.0,27.722276678600302,1.0,partial
2025,ene–ago 2025,Estados Unidos,26704870150.0,29888771211.0,56593641361.0,13.747761371323225,2.0,partial
2025,ene–ago 2025,Argentina,12396250856.0,8294737806.0,20690988662.0,5.0262674007393855,3.0,partial
2025,ene–ago 2025,TOP5: China; Estados Unidos; Argentina; Alemanha; Países Baixos (Holanda),,,,,,partial
