period_code,period_label,rate_pct,source
201203,jan-fev-mar 2012,8.0,"IBGE SIDRA t6381 v4099 (PNADC mensal, trimestre movel)"
201204,fev-mar-abr 2012,7.8,"IBGE SIDRA t6381 v4099 (PNADC mensal, trimestre movel)"
201205,mar-abr-mai 2012,7.7,"IBGE SIDRA t6381 v4099 (PNADC mensal, trimestre movel)"
201206,abr-mai-jun 2012,7.6,"IBGE SIDRA t6381 v4099 (PNADC mensal, trimestre movel)"
201207,mai-jun-jul 2012,7.5,"IBGE SIDRA t6381 v4099 (PNADC mensal, trimestre movel)"
201208,jun-jul-ago 2012,7.3,"IBGE SIDRA t6381 v4099 (PNADC mensal, trimestre movel)"
201209,jul-ago-set 2012,7.1,"IBGE SIDRA t6381 v4099 (PNADC mensal, trimestre movel)"
201210,ago-set-out 2012,6.9,"IBGE SIDRA t6381 v4099 (PNADC mensal, trimestre movel)"
201211,set-out-nov 2012,6.8,"IBGE SIDRA t6381 v4099 (PNADC mensal, trimestre movel)"
201212,out-nov-dez 2012,6.9,"IBGE SIDRA t6381 v4099 (PNADC mensal, trimestre movel)"
201301,nov-dez-jan 2012/2013,7.2,"IBGE SIDRA t6381 v4099 (PNADC mensal, trimestre movel)"
201302,dez-jan-fev 2012/2013,7.8,"IBGE SIDRA t6381 v4099 (PNADC mensal, trimestre movel)"
201303,jan-fev-mar 2013,8.0,"IBGE SIDRA t6381 v4099 (PNADC mensal, trimestre movel)"
201304,fev-mar-abr 2013,7.9,"IBGE SIDRA t6381 v4099 (PNADC mensal, trimestre movel)"
201305,mar-abr-mai 2013,7.6,"IBGE SIDRA t6381 v4099 (PNADC mensal, trimestre movel)"
201306,abr-mai-jun 2013,7.5,"IBGE SIDRA t6381 v4099 (PNADC mensal, trimestre movel)"
201307,mai-jun-jul 2013,7.4,"IBGE SIDRA t6381 v4099 (PNADC mensal, trimestre movel)"
201308,jun-jul-ago 2013,7.2,"IBGE SIDRA t6381 v4099 (PNADC mensal, trimestre movel)"
201309,jul-ago-set 2013,7.0,"IBGE SIDRA t6381 v4099 (PNADC mensal, trimestre movel)"
201310,ago-set-out 2013,6.8,"IBGE SIDRA t6381 v4099 (PNADC mensal, trimestre movel)"
201311,set-out-nov 2013,6.5,"IBGE SIDRA t6381 v4099 (PNADC mensal, trimestre movel)"
201312,out-nov-dez 2013,6.2,"IBGE SIDRA t6381 v4099 (PNADC mensal, trimestre movel)"
201401,nov-dez-jan 2013/2014,6.5,"IBGE SIDRA t6381 v4099 (PNADC mensal, trimestre movel)"
201402,dez-jan-fev 2013/2014,6.8,"IBGE SIDRA t6381 v4099 (PNADC mensal, trimestre movel)"
201403,jan-fev-mar 2014,7.2,"IBGE SIDRA t6381 v4099 (PNADC mensal, trimestre movel)"
201404,fev-mar-abr 2014,7.2,"IBGE SIDRA t6381 v4099 (PNADC mensal, trimestre movel)"
201405,mar-abr-mai 2014,7.0,"IBGE SIDRA t6381 v4099 (PNADC mensal, trimestre movel)"
201406,abr-mai-jun 2014,6.9,"IBGE SIDRA t6381 v4099 (PNADC mensal, trimestre movel)"
201407,mai-jun-jul 2014,7.0,"IBGE SIDRA t6381 v4099 (PNADC mensal, trimestre movel)"
201408,jun-jul-ago 2014,7.0,"IBGE SIDRA t6381 v4099 (PNADC mensal, trimestre movel)"
201409,jul-ago-set 2014,6.8,"IBGE SIDRA t6381 v4099 (PNADC mensal, trimestre movel)"
201410,ago-set-out 2014,6.7,"IBGE SIDRA t6381 v4099 (PNADC mensal, trimestre movel)"
201411,set-out-nov 2014,6.6,"IBGE SIDRA t6381 v4099 (PNADC mensal, trimestre movel)"
201412,out-nov-dez 2014,6.6,"IBGE SIDRA t6381 v4099 (PNADC mensal, trimestre movel)"
201501,nov-dez-jan 2014/2015,6.9,"IBGE SIDRA t6381 v4099 (PNADC mensal, trimestre movel)"
201502,dez-jan-fev 2014/2015,7.5,"IBGE SIDRA t6381 v4099 (PNADC mensal, trimestre movel)"
201503,jan-fev-mar 2015,8.0,"IBGE SIDRA t6381 v4099 (PNADC mensal, trimestre movel)"
201504,fev-mar-abr 2015,8.1,"IBGE SIDRA t6381 v4099 (PNADC mensal, trimestre movel)"
201505,mar-abr-mai 2015,8.2,"IBGE SIDRA t6381 v4099 (PNADC mensal, trimestre movel)"
201506,abr-mai-jun 2015,8.4,"IBGE SIDRA t6381 v4099 (PNADC mensal, trimestre movel)"
201507,mai-jun-jul 2015,8.6,"IBGE SIDRA t6381 v4099 (PNADC mensal, trimestre movel)"
201508,jun-jul-ago 2015,8.8,"IBGE SIDRA t6381 v4099 (PNADC mensal, trimestre movel)"
201509,jul-ago-set 2015,9.0,"IBGE SIDRA t6381 v4099 (PNADC mensal, trimestre movel)"
201510,ago-set-out 2015,9.1,"IBGE SIDRA t6381 v4099 (PNADC mensal, trimestre movel)"
201511,set-out-nov 2015,9.1,"IBGE SIDRA t6381 v4099 (PNADC mensal, trimestre movel)"
201512,out-nov-dez 2015,9.1,"IBGE SIDRA t6381 v4099 (PNADC mensal, trimestre movel)"
201601,nov-dez-jan 2015/2016,9.6,"IBGE SIDRA t6381 v4099 (PNADC mensal, trimestre movel)"
201602,dez-jan-fev 2015/2016,10.3,"IBGE SIDRA t6381 v4099 (PNADC mensal, trimestre movel)"
201603,jan-fev-mar 2016,11.0,"IBGE SIDRA t6381 v4099 (PNADC mensal, trimestre movel)"
201604,fev-mar-abr 2016,11.3,"IBGE SIDRA t6381 v4099 (PNADC mensal, trimestre movel)"
201605,mar-abr-mai 2016,11.3,"IBGE SIDRA t6381 v4099 (PNADC mensal, trimestre movel)"
201606,abr-mai-jun 2016,11.4,"IBGE SIDRA t6381 v4099 (PNADC mensal, trimestre movel)"
201607,mai-jun-jul 2016,11.7,"IBGE SIDRA t6381 v4099 (PNADC mensal, trimestre movel)"
201608,jun-jul-ago 2016,11.9,"IBGE SIDRA t6381 v4099 (PNADC mensal, trimestre movel)"
201609,jul-ago-set 2016,11.9,"IBGE SIDRA t6381 v4099 (PNADC mensal, trimestre movel)"
201610,ago-set-out 2016,11.9,"IBGE SIDRA t6381 v4099 (PNADC mensal, trimestre movel)"
201611,set-out-nov 2016,12.0,"IBGE SIDRA t6381 v4099 (PNADC mensal, trimestre movel)"
201612,out-nov-dez 2016,12.1,"IBGE SIDRA t6381 v4099 (PNADC mensal, trimestre movel)"
201701,nov-dez-jan 2016/2017,12.7,"IBGE SIDRA t6381 v4099 (PNADC mensal, trimestre movel)"
201702,dez-jan-fev 2016/2017,13.3,"IBGE SIDRA t6381 v4099 (PNADC mensal, trimestre movel)"
201703,jan-fev-mar 2017,13.9,"IBGE SIDRA t6381 v4099 (PNADC mensal, trimestre movel)"
201704,fev-mar-abr 2017,13.7,"IBGE SIDRA t6381 v4099 (PNADC mensal, trimestre movel)"
201705,mar-abr-mai 2017,13.4,"IBGE SIDRA t6381 v4099 (PNADC mensal, trimestre movel)"
201706,abr-mai-jun 2017,13.1,"IBGE SIDRA t6381 v4099 (PNADC mensal, trimestre movel)"
201707,mai-jun-jul 2017,12.9,"IBGE SIDRA t6381 v4099 (PNADC mensal, trimestre movel)"
201708,jun-jul-ago 2017,12.7,"IBGE SIDRA t6381 v4099 (PNADC mensal, trimestre movel)"
201709,jul-ago-set 2017,12.5,"IBGE SIDRA t6381 v4099 (PNADC mensal, trimestre movel)"
201710,ago-set-out 2017,12.3,"IBGE SIDRA t6381 v4099 (PNADC mensal, trimestre movel)"
201711,set-out-nov 2017,12.1,"IBGE SIDRA t6381 v4099 (PNADC mensal, trimestre movel)"
201712,out-nov-dez 2017,11.9,"IBGE SIDRA t6381 v4099 (PNADC mensal, trimestre movel)"
201801,nov-dez-jan 2017/2018,12.3,"IBGE SIDRA t6381 v4099 (PNADC mensal, trimestre movel)"
201802,dez-jan-fev 2017/2018,12.7,"IBGE SIDRA t6381 v4099 (PNADC mensal, trimestre movel)"
201803,jan-fev-mar 2018,13.2,"IBGE SIDRA t6381 v4099 (PNADC mensal, trimestre movel)"
201804,fev-mar-abr 2018,13.0,"IBGE SIDRA t6381 v4099 (PNADC mensal, trimestre movel)"
201805,mar-abr-mai 2018,12.8,"IBGE SIDRA t6381 v4099 (PNADC mensal, trimestre movel)"
201806,abr-mai-jun 2018,12.6,"IBGE SIDRA t6381 v4099 (PNADC mensal, trimestre movel)"
201807,mai-jun-jul 2018,12.4,"IBGE SIDRA t6381 v4099 (PNADC mensal, trimestre movel)"
201808,jun-jul-ago 2018,12.2,"IBGE SIDRA t6381 v4099 (PNADC mensal, trimestre movel)"
201809,jul-ago-set 2018,12.0,"IBGE SIDRA t6381 v4099 (PNADC mensal, trimestre movel)"
201810,ago-set-out 2018,11.8,"IBGE SIDRA t6381 v4099 (PNADC mensal, trimestre movel)"
201811,set-out-nov 2018,11.7,"IBGE SIDRA t6381 v4099 (PNADC mensal, trimestre movel)"
201812,out-nov-dez 2018,11.7,"IBGE SIDRA t6381 v4099 (PNADC mensal, trimestre movel)"
201901,nov-dez-jan 2018/2019,12.2,"IBGE SIDRA t6381 v4099 (PNADC mensal, trimestre movel)"
201902,dez-jan-fev 2018/2019,12.5,"IBGE SIDRA t6381 v4099 (PNADC mensal, trimestre movel)"
201903,jan-fev-mar 2019,12.8,"IBGE SIDRA t6381 v4099 (PNADC mensal, trimestre movel)"
201904,fev-mar-abr 2019,12.6,"IBGE SIDRA t6381 v4099 (PNADC mensal, trimestre movel)"
201905,mar-abr-mai 2019,12.4,"IBGE SIDRA t6381 v4099 (PNADC mensal, trimestre movel)"
201906,abr-mai-jun 2019,12.1,"IBGE SIDRA t6381 v4099 (PNADC mensal, trimestre movel)"
201907,mai-jun-jul 2019,11.9,"IBGE SIDRA t6381 v4099 (PNADC mensal, trimestre movel)"
201908,jun-jul-ago 2019,11.9,"IBGE SIDRA t6381 v4099 (PNADC mensal, trimestre movel)"
201909,jul-ago-set 2019,11.9,"IBGE SIDRA t6381 v4099 (PNADC mensal, trimestre movel)"
201910,ago-set-out 2019,11.7,"IBGE SIDRA t6381 v4099 (PNADC mensal, trimestre movel)"
201911,set-out-nov 2019,11.3,"IBGE SIDRA t6381 v4099 (PNADC mensal, trimestre movel)"
201912,out-nov-dez 2019,11.1,"IBGE SIDRA t6381 v4099 (PNADC mensal, trimestre movel)"
202001,nov-dez-jan 2019/2020,11.3,"IBGE SIDRA t6381 v4099 (PNADC mensal, trimestre movel)"
202002,dez-jan-fev 2019/2020,11.7,"IBGE SIDRA t6381 v4099 (PNADC mensal, trimestre movel)"
202003,jan-fev-mar 2020,12.4,"IBGE SIDRA t6381 v4099 (PNADC mensal, trimestre movel)"
202004,fev-mar-abr 2020,12.7,"IBGE SIDRA t6381 v4099 (PNADC mensal, trimestre movel)"
202005,mar-abr-mai 2020,13.1,"IBGE SIDRA t6381 v4099 (PNADC mensal, trimestre movel)"
202006,abr-mai-jun 2020,13.6,"IBGE SIDRA t6381 v4099 (PNADC mensal, trimestre movel)"
202007,mai-jun-jul 2020,14.1,"IBGE SIDRA t6381 v4099 (PNADC mensal, trimestre movel)"
202008,jun-jul-ago 2020,14.8,"IBGE SIDRA t6381 v4099 (PNADC mensal, trimestre movel)"
202009,jul-ago-set 2020,14.9,"IBGE SIDRA t6381 v4099 (PNADC mensal, trimestre movel)"
202010,ago-set-out 2020,14.6,"IBGE SIDRA t6381 v4099 (PNADC mensal, trimestre movel)"
202011,set-out-nov 2020,14.3,"IBGE SIDRA t6381 v4099 (PNADC mensal, trimestre movel)"
202012,out-nov-dez 2020,14.2,"IBGE SIDRA t6381 v4099 (PNADC mensal, trimestre movel)"
202101,nov-dez-jan 2020/2021,14.4,"IBGE SIDRA t6381 v4099 (PNADC mensal, trimestre movel)"
202102,dez-jan-fev 2020/2021,14.6,"IBGE SIDRA t6381 v4099 (PNADC mensal, trimestre movel)"
202103,jan-fev-mar 2021,14.9,"IBGE SIDRA t6381 v4099 (PNADC mensal, trimestre movel)"
202104,fev-mar-abr 2021,14.8,"IBGE SIDRA t6381 v4099 (PNADC mensal, trimestre movel)"
202105,mar-abr-mai 2021,14.7,"IBGE SIDRA t6381 v4099 (PNADC mensal, trimestre movel)"
202106,abr-mai-jun 2021,14.2,"IBGE SIDRA t6381 v4099 (PNADC mensal, trimestre movel)"
202107,mai-jun-jul 2021,13.7,"IBGE SIDRA t6381 v4099 (PNADC mensal, trimestre movel)"
202108,jun-jul-ago 2021,13.2,"IBGE SIDRA t6381 v4099 (PNADC mensal, trimestre movel)"
202109,jul-ago-set 2021,12.7,"IBGE SIDRA t6381 v4099 (PNADC mensal, trimestre movel)"
202110,ago-set-out 2021,12.1,"IBGE SIDRA t6381 v4099 (PNADC mensal, trimestre movel)"
202111,set-out-nov 2021,11.6,"IBGE SIDRA t6381 v4099 (PNADC mensal, trimestre movel)"
202112,out-nov-dez 2021,11.1,"IBGE SIDRA t6381 v4099 (PNADC mensal, trimestre movel)"
202201,nov-dez-jan 2021/2022,11.2,"IBGE SIDRA t6381 v4099 (PNADC mensal, trimestre movel)"
202202,dez-jan-fev 2021/2022,11.2,"IBGE SIDRA t6381 v4099 (PNADC mensal, trimestre movel)"
202203,jan-fev-mar 2022,11.1,"IBGE SIDRA t6381 v4099 (PNADC mensal, trimestre movel)"
202204,fev-mar-abr 2022,10.5,"IBGE SIDRA t6381 v4099 (PNADC mensal, trimestre movel)"
202205,mar-abr-mai 2022,9.8,"IBGE SIDRA t6381 v4099 (PNADC mensal, trimestre movel)"
202206,abr-mai-jun 2022,9.3,"IBGE SIDRA t6381 v4099 (PNADC mensal, trimestre movel)"
202207,mai-jun-jul 2022,9.1,"IBGE SIDRA t6381 v4099 (PNADC mensal, trimestre movel)"
202208,jun-jul-ago 2022,8.9,"IBGE SIDRA t6381 v4099 (PNADC mensal, trimestre movel)"
202209,jul-ago-set 2022,8.7,"IBGE SIDRA t6381 v4099 (PNADC mensal, trimestre movel)"
202210,ago-set-out 2022,8.3,"IBGE SIDRA t6381 v4099 (PNADC mensal, trimestre movel)"
202211,set-out-nov 2022,8.1,"IBGE SIDRA t6381 v4099 (PNADC mensal, trimestre movel)"
202212,out-nov-dez 2022,7.9,"IBGE SIDRA t6381 v4099 (PNADC mensal, trimestre movel)"
202301,nov-dez-jan 2022/2023,8.4,"IBGE SIDRA t6381 v4099 (PNADC mensal, trimestre movel)"
202302,dez-jan-fev 2022/2023,8.6,"IBGE SIDRA t6381 v4099 (PNADC mensal, trimestre movel)"
202303,jan-fev-mar 2023,8.8,"IBGE SIDRA t6381 v4099 (PNADC mensal, trimestre movel)"
202304,fev-mar-abr 2023,8.5,"IBGE SIDRA t6381 v4099 (PNADC mensal, trimestre movel)"
202305,mar-abr-mai 2023,8.3,"IBGE SIDRA t6381 v4099 (PNADC mensal, trimestre movel)"
202306,abr-mai-jun 2023,8.0,"IBGE SIDRA t6381 v4099 (PNADC mensal, trimestre movel)"
202307,mai-jun-jul 2023,7.9,"IBGE SIDRA t6381 v4099 (PNADC mensal, trimestre movel)"
202308,jun-jul-ago 2023,7.8,"IBGE SIDRA t6381 v4099 (PNADC mensal, trimestre movel)"
202309,jul-ago-set 2023,7.7,"IBGE SIDRA t6381 v4099 (PNADC mensal, trimestre movel)"
202310,ago-set-out 2023,7.6,"IBGE SIDRA t6381 v4099 (PNADC mensal, trimestre movel)"
202311,set-out-nov 2023,7.5,"IBGE SIDRA t6381 v4099 (PNADC mensal, trimestre movel)"
202312,out-nov-dez 2023,7.4,"IBGE SIDRA t6381 v4099 (PNADC mensal, trimestre movel)"
202401,nov-dez-jan 2023/2024,7.6,"IBGE SIDRA t6381 v4099 (PNADC mensal, trimestre movel)"
202402,dez-jan-fev 2023/2024,7.8,"IBGE SIDRA t6381 v4099 (PNADC mensal, trimestre movel)"
202403,jan-fev-mar 2024,7.9,"IBGE SIDRA t6381 v4099 (PNADC mensal, trimestre movel)"
202404,fev-mar-abr 2024,7.5,"IBGE SIDRA t6381 v4099 (PNADC mensal, trimestre movel)"
202405,mar-abr-mai 2024,7.1,"IBGE SIDRA t6381 v4099 (PNADC mensal, trimestre movel)"
202406,abr-mai-jun 2024,6.9,"IBGE SIDRA t6381 v4099 (PNADC mensal, trimestre movel)"
202407,mai-jun-jul 2024,6.8,"IBGE SIDRA t6381 v4099 (PNADC mensal, trimestre movel)"
202408,jun-jul-ago 2024,6.6,"IBGE SIDRA t6381 v4099 (PNADC mensal, trimestre movel)"
202409,jul-ago-set 2024,6.4,"IBGE SIDRA t6381 v4099 (PNADC mensal, trimestre movel)"
202410,ago-set-out 2024,6.2,"IBGE SIDRA t6381 v4099 (PNADC mensal, trimestre movel)"
202411,set-out-nov 2024,6.1,"IBGE SIDRA t6381 v4099 (PNADC mensal, trimestre movel)"
202412,out-nov-dez 2024,6.2,"IBGE SIDRA t6381 v4099 (PNADC mensal, trimestre movel)"
202501,nov-dez-jan 2024/2025,6.5,"IBGE SIDRA t6381 v4099 (PNADC mensal, trimestre movel)"
202502,dez-jan-fev 2024/2025,6.8,"IBGE SIDRA t6381 v4099 (PNADC mensal, trimestre movel)"
202503,jan-fev-mar 2025,7.0,"IBGE SIDRA t6381 v4099 (PNADC mensal, trimestre movel)"
202504,fev-mar-abr 2025,6.6,"IBGE SIDRA t6381 v4099 (PNADC mensal, trimestre movel)"
202505,mar-abr-mai 2025,6.2,"IBGE SIDRA t6381 v4099 (PNADC mensal, trimestre movel)"
202506,abr-mai-jun 2025,5.8,"IBGE SIDRA t6381 v4099 (PNADC mensal, trimestre movel)"
202507,mai-jun-jul 2025,5.6,"IBGE SIDRA t6381 v4099 (PNADC mensal, trimestre movel)"
202508,jun-jul-ago 2025,5.6,"IBGE SIDRA t6381 v4099 (PNADC mensal, trimestre movel)"
202509,jul-ago-set 2025,5.6,"IBGE SIDRA t6381 v4099 (PNADC mensal, trimestre movel)"
202510,ago-set-out 2025,5.4,"IBGE SIDRA t6381 v4099 (PNADC mensal, trimestre movel)"
202511,set-out-nov 2025,5.2,"IBGE SIDRA t6381 v4099 (PNADC mensal, trimestre movel)"
202512,out-nov-dez 2025,5.1,"IBGE SIDRA t6381 v4099 (PNADC mensal, trimestre movel)"
202601,nov-dez-jan 2025/2026,5.4,"IBGE SIDRA t6381 v4099 (PNADC mensal, trimestre movel)"
202602,dez-jan-fev 2025/2026,5.8,"IBGE SIDRA t6381 v4099 (PNADC mensal, trimestre movel)"
202603,jan-fev-mar 2026,6.1,"IBGE SIDRA t6381 v4099 (PNADC mensal, trimestre movel)"
202604,fev-mar-abr 2026,5.8,"IBGE SIDRA t6381 v4099 (PNADC mensal, trimestre movel)"
202605,mar-abr-mai 2026,5.6,"IBGE SIDRA t6381 v4099 (PNADC mensal, trimestre movel)"
202606,abr-mai-jun 2026,5.4,"IBGE SIDRA t6381 v4099 (PNADC mensal, trimestre movel)"
202607,mai-jun-jul 2026,5.3,"IBGE SIDRA t6381 v4099 (PNADC mensal, trimestre movel)"
202608,jun-jul-ago 2026,5.3,"IBGE SIDRA t6381 v4099 (PNADC mensal, trimestre movel)"
