year,rate_pct,type,variant,period_label,rate_qavg_pct,source,cv_pct,note
2012,7.4,observed,ibge_annual_estimate,2012 (annual),7.4,"IBGE SIDRA t4562 v4099 (PNADC anual, annual visit database); rate_qavg_pct = mean of 4 quarters from t4099",1.1,
2013,7.3,observed,ibge_annual_estimate,2013 (annual),7.18,"IBGE SIDRA t4562 v4099 (PNADC anual, annual visit database); rate_qavg_pct = mean of 4 quarters from t4099",1.2,
2014,7.0,observed,ibge_annual_estimate,2014 (annual),6.88,"IBGE SIDRA t4562 v4099 (PNADC anual, annual visit database); rate_qavg_pct = mean of 4 quarters from t4099",1.3,
2015,8.9,observed,ibge_annual_estimate,2015 (annual),8.62,"IBGE SIDRA t4562 v4099 (PNADC anual, annual visit database); rate_qavg_pct = mean of 4 quarters from t4099",1.2,
2016,11.6,observed,ibge_annual_estimate,2016 (annual),11.6,"IBGE SIDRA t4562 v4099 (PNADC anual, annual visit database); rate_qavg_pct = mean of 4 quarters from t4099",1.0,
2017,12.6,observed,ibge_annual_estimate,2017 (annual),12.85,"IBGE SIDRA t4562 v4099 (PNADC anual, annual visit database); rate_qavg_pct = mean of 4 quarters from t4099",1.0,
2018,12.1,observed,ibge_annual_estimate,2018 (annual),12.38,"IBGE SIDRA t4562 v4099 (PNADC anual, annual visit database); rate_qavg_pct = mean of 4 quarters from t4099",1.0,
2019,11.8,observed,ibge_annual_estimate,2019 (annual),11.98,"IBGE SIDRA t4562 v4099 (PNADC anual, annual visit database); rate_qavg_pct = mean of 4 quarters from t4099",1.1,
2020,13.7,observed,ibge_annual_estimate,2020 (annual),13.78,"IBGE SIDRA t4562 v4099 (PNADC anual, annual visit database); rate_qavg_pct = mean of 4 quarters from t4099",1.1,IBGE annual estimate uses accumulated 5th visits (pandemic); other years 1st visits.
2021,14.0,observed,ibge_annual_estimate,2021 (annual),13.22,"IBGE SIDRA t4562 v4099 (PNADC anual, annual visit database); rate_qavg_pct = mean of 4 quarters from t4099",1.2,IBGE annual estimate uses accumulated 5th visits (pandemic); other years 1st visits.
2022,9.6,observed,ibge_annual_estimate,2022 (annual),9.25,"IBGE SIDRA t4562 v4099 (PNADC anual, annual visit database); rate_qavg_pct = mean of 4 quarters from t4099",1.4,IBGE annual estimate uses accumulated 5th visits (pandemic); other years 1st visits.
2023,7.7,observed,ibge_annual_estimate,2023 (annual),7.98,"IBGE SIDRA t4562 v4099 (PNADC anual, annual visit database); rate_qavg_pct = mean of 4 quarters from t4099",1.2,
2024,6.6,observed,ibge_annual_estimate,2024 (annual),6.85,"IBGE SIDRA t4562 v4099 (PNADC anual, annual visit database); rate_qavg_pct = mean of 4 quarters from t4099",1.5,
2025,5.6,observed,ibge_annual_estimate,2025 (annual),5.88,"IBGE SIDRA t4562 v4099 (PNADC anual, annual visit database); rate_qavg_pct = mean of 4 quarters from t4099",1.4,
2026,5.75,partial,avg_available_quarters,2026 T1-T2 average (2 quarters),5.75,IBGE SIDRA t4099 v4099 (mean of 2026-T1 and 2026-T2),,"2026-T1=6.1, 2026-T2=5.4. Same-period 2025 T1-T2 mean = 6.4. Seasonal: T1 is typically the highest quarter."
2026,5.3,partial,latest_moving_quarter,jun-jul-ago 2026,,IBGE SIDRA t6381 v4099 (released 2026-09-29),,Same moving quarter one year earlier (jun-jul-ago 2025) = 5.6%.
